"crime_id","crime_name","case_id"
"6855","贩卖毒品罪","3359"
"6856","贩卖毒品罪","3360"
"6857","贩卖毒品罪","3361"
"6858","容留他人吸毒罪","3361"
"6859","运输毒品罪","3362"
"6860","贩卖毒品罪","3363"
"6861","贩卖毒品罪","3364"
"6862","贩卖毒品罪","3365"
"6863","贩卖毒品罪","3366"
"6864","贩卖毒品罪","3367"
"6865","贩卖毒品罪","3368"
"6866","贩卖毒品罪","3369"
"6867","贩卖毒品罪","3370"
"6868","贩卖毒品罪","3371"
"6869","贩卖毒品罪","3372"
"6870","贩卖毒品罪","3373"
"6871","贩卖毒品罪","3374"
"6872","贩卖毒品罪","3375"
"6873","贩卖毒品罪","3376"
"6874","贩卖毒品罪","3377"
"6875","制造毒品罪","3377"
"6876","贩卖毒品罪","3378"
"6877","贩卖毒品罪","3379"
"6878","贩卖毒品罪","3380"
"6879","贩卖毒品罪","3381"
"6880","贩卖毒品罪","3382"
"6881","容留他人吸毒罪","3382"
"6882","贩卖毒品罪","3383"
"6883","贩卖毒品罪","3384"
"6884","贩卖毒品罪","3385"
"6885","贩卖毒品罪","3386"
"6886","贩卖毒品罪","3387"
"6887","贩卖毒品罪","3388"
"6888","运输毒品罪","3389"
"6889","贩卖毒品罪","3390"
"6890","贩卖毒品罪","3391"
"6891","贩卖毒品罪","3392"
"6892","贩卖毒品罪","3393"
"6893","贩卖毒品罪","3394"
"6894","贩卖毒品罪","3395"
"6895","贩卖毒品罪","3396"
"6896","容留他人吸毒罪","3396"
"6897","贩卖毒品罪","3397"
"6898","容留他人吸毒罪","3397"
"6899","贩卖毒品罪","3398"
"6900","容留他人吸毒罪","3398"
"6901","贩卖毒品罪","3399"
"6902","贩卖毒品罪","3400"
"6903","容留他人吸毒罪","3400"
"6904","贩卖毒品罪","3401"
"6905","贩卖毒品罪","3402"
"6906","容留他人吸毒罪","3402"
"6907","贩卖毒品罪","3403"
"6908","贩卖毒品罪","3404"
"6909","贩卖毒品罪","3405"
"6910","贩卖毒品罪","3406"
"6911","贩卖毒品罪","3407"
"6912","贩卖毒品罪","3408"
"6913","运输毒品罪","3408"
"6914","贩卖毒品罪","3409"
"6915","运输毒品罪","3409"
"6916","贩卖毒品罪","3410"
"6917","贩卖毒品罪","3411"
"6918","容留他人吸毒罪","3412"
"6919","贩卖毒品罪","3412"
"6920","贩卖毒品罪","3413"
"6921","贩卖毒品罪","3414"
"6922","贩卖毒品罪","3415"
"6923","贩卖毒品罪","3416"
"6924","贩卖毒品罪","3417"
"6925","贩卖毒品罪","3418"
"6926","贩卖毒品罪","3419"
"6927","贩卖毒品罪","3420"
"6928","贩卖毒品罪","3421"
"6929","贩卖毒品罪","3422"
"6930","运输毒品罪","3422"
"6931","运输毒品罪","3423"
"6932","贩卖毒品罪","3424"
"6933","容留他人吸毒罪","3424"
"6934","贩卖毒品罪","3425"
"6935","运输毒品罪","3425"
"6936","贩卖毒品罪","3426"
"6937","运输毒品罪","3426"
"6938","容留他人吸毒罪","3426"
"6939","贩卖毒品罪","3427"
"6940","贩卖毒品罪","3428"
"6941","贩卖毒品罪","3429"
"6942","贩卖毒品罪","3430"
"6943","贩卖毒品罪","3431"
"6944","贩卖毒品罪","3432"
"6945","容留他人吸毒罪","3432"
"6946","贩卖毒品罪","3433"
"6947","贩卖毒品罪","3434"
"6948","贩卖毒品罪","3435"
"6949","贩卖毒品罪","3436"
"6950","贩卖毒品罪","3437"
"6951","贩卖毒品罪","3438"
"6952","贩卖毒品罪","3439"
"6953","贩卖毒品罪","3440"
"6954","贩卖毒品罪","3441"
"6955","贩卖毒品罪","3442"
"6956","贩卖毒品罪","3442"
"6957","贩卖毒品罪","3442"
"6958","贩卖毒品罪","3443"
"6959","贩卖毒品罪","3444"
"6960","贩卖毒品罪","3445"
"6961","贩卖毒品罪","3446"
"6962","贩卖毒品罪","3447"
"6963","贩卖毒品罪","3448"
"6964","贩卖毒品罪","3449"
"6965","贩卖毒品罪","3450"
"6966","贩卖毒品罪","3451"
"6967","贩卖毒品罪","3452"
"6968","贩卖毒品罪","3453"
"6969","贩卖毒品罪","3454"
"6970","贩卖毒品罪","3455"
"6971","贩卖毒品罪","3456"
"6972","盗窃罪","3457"
"6973","贩卖毒品罪","3457"
"6974","贩卖毒品罪","3458"
"6975","贩卖毒品罪","3459"
"6976","贩卖毒品罪","3460"
"6977","贩卖毒品罪","3461"
"6978","贩卖毒品罪","3462"
"6979","贩卖毒品罪","3463"
"6980","贩卖毒品罪","3464"
"6981","贩卖毒品罪","3465"
"6982","贩卖毒品罪","3466"
"6983","贩卖毒品罪","3467"
"6984","贩卖毒品罪","3468"
"6985","贩卖毒品罪","3469"
"6986","贩卖毒品罪","3470"
"6987","贩卖毒品罪","3471"
"6988","贩卖毒品罪","3472"
"6989","贩卖毒品罪","3473"
"6990","贩卖毒品罪","3474"
"6991","贩卖毒品罪","3475"
"6992","贩卖毒品罪","3476"
"6993","贩卖毒品罪","3477"
"6994","贩卖毒品罪","3478"
"6995","贩卖毒品罪","3479"
"6996","容留他人吸毒罪","3479"
"6997","贩卖毒品罪","3480"
"6998","贩卖毒品罪","3481"
"6999","贩卖毒品罪","3482"
"7000","贩卖毒品罪","3483"
"7001","贩卖毒品罪","3484"
"7002","贩卖毒品罪","3485"
"7003","贩卖毒品罪","3486"
"7004","贩卖毒品罪","3487"
"7005","贩卖毒品罪","3488"
"7006","贩卖毒品罪","3489"
"7007","容留他人吸毒罪","3489"
"7008","贩卖毒品罪","3490"
"7009","贩卖毒品罪","3491"
"7010","贩卖毒品罪","3492"
"7011","贩卖毒品罪","3493"
"7012","贩卖毒品罪","3494"
"7013","贩卖毒品罪","3495"
"7014","贩卖毒品罪","3496"
"7015","贩卖毒品罪","3497"
"7016","贩卖毒品罪","3498"
"7017","贩卖毒品罪","3499"
"7018","贩卖毒品罪","3500"
"7019","贩卖毒品罪","3501"
"7020","贩卖毒品罪","3502"
"7021","贩卖毒品罪","3503"
"7022","贩卖毒品罪","3504"
"7023","贩卖毒品罪","3505"
"7024","贩卖毒品罪","3506"
"7025","贩卖毒品罪","3507"
"7026","贩卖毒品罪","3508"
"7027","贩卖毒品罪","3509"
"7028","贩卖毒品罪","3510"
"7029","贩卖毒品罪","3511"
"7030","贩卖毒品罪","3512"
"7031","贩卖毒品罪","3513"
"7032","贩卖毒品罪","3514"
"7033","贩卖毒品罪","3515"
"7034","贩卖毒品罪","3516"
"7035","贩卖毒品罪","3517"
"7036","贩卖毒品罪","3518"
"7037","容留他人吸毒罪","3518"
"7038","贩卖毒品罪","3519"
"7039","贩卖毒品罪","3520"
"7040","贩卖毒品罪","3521"
"7041","贩卖毒品罪","3522"
"7042","贩卖毒品罪","3523"
"7043","贩卖毒品罪","3524"
"7044","贩卖毒品罪","3525"
"7045","贩卖毒品罪","3526"
"7046","贩卖毒品罪","3527"
"7047","贩卖毒品罪","3528"
"7048","贩卖毒品罪","3529"
"7049","贩卖毒品罪","3530"
"7050","贩卖毒品罪","3531"
"7051","贩卖毒品罪","3532"
"7052","贩卖毒品罪","3533"
"7053","贩卖毒品罪","3534"
"7054","贩卖毒品罪","3535"
"7055","贩卖毒品罪","3536"
"7056","贩卖毒品罪","3537"
"7057","贩卖毒品罪","3538"
"7058","贩卖毒品罪","3539"
"7059","盗窃罪","3539"
"7060","贩卖毒品罪","3540"
"7061","贩卖毒品罪","3541"
"7062","贩卖毒品罪","3542"
"7063","贩卖毒品罪","3543"
"7064","贩卖毒品罪","3544"
"7065","贩卖毒品罪","3545"
"7066","贩卖毒品罪","3546"
"7067","贩卖毒品罪","3547"
"7068","贩卖毒品罪","3548"
"7069","贩卖毒品罪","3549"
"7070","贩卖毒品罪","3550"
"7071","贩卖毒品罪","3551"
"7072","贩卖毒品罪","3552"
"7073","贩卖毒品罪","3553"
"7074","贩卖毒品罪","3554"
"7075","贩卖毒品罪","3555"
"7076","贩卖毒品罪","3556"
"7077","贩卖毒品罪","3557"
"7078","贩卖毒品罪","3558"
"7079","贩卖毒品罪","3559"
"7080","贩卖毒品罪","3560"
"7081","贩卖毒品罪","3561"
"7082","贩卖毒品罪","3562"
"7083","贩卖毒品罪","3563"
"7084","贩卖毒品罪","3564"
"7085","贩卖毒品罪","3565"
"7086","贩卖毒品罪","3566"
"7087","贩卖毒品罪","3567"
"7088","贩卖毒品罪","3568"
"7089","贩卖毒品罪","3569"
"7090","盗窃罪","3569"
"7091","贩卖毒品罪","3570"
"7092","贩卖毒品罪","3571"
"7093","贩卖毒品罪","3572"
"7094","贩卖毒品罪","3573"
"7095","贩卖毒品罪","3574"
"7096","贩卖毒品罪","3575"
"7097","贩卖毒品罪","3576"
"7098","贩卖毒品罪","3577"
"7099","贩卖毒品罪","3578"
"7100","贩卖毒品罪","3579"
"7101","贩卖毒品罪","3580"
"7102","贩卖毒品罪","3581"
"7103","贩卖毒品罪","3582"
"7104","容留他人吸毒罪","3582"
"7105","贩卖毒品罪","3583"
"7106","贩卖毒品罪","3584"
"7107","贩卖毒品罪","3585"
"7108","贩卖毒品罪","3586"
"7109","贩卖毒品罪","3587"
"7110","贩卖毒品罪","3588"
"7111","贩卖毒品罪","3589"
"7112","贩卖毒品罪","3590"
"7113","贩卖毒品罪","3591"
"7114","贩卖毒品罪","3592"
"7115","贩卖毒品罪","3593"
"7116","贩卖毒品罪","3594"
"7117","贩卖毒品罪","3595"
"7118","贩卖毒品罪","3596"
"7119","贩卖毒品罪","3597"
"7120","贩卖毒品罪","3598"
"7121","贩卖毒品罪","3599"
"7122","贩卖毒品罪","3600"
"7123","容留他人吸毒罪","3600"
"7124","贩卖毒品罪","3601"
"7125","贩卖毒品罪","3602"
"7126","贩卖毒品罪","3603"
"7127","贩卖毒品罪","3604"
"7128","贩卖毒品罪","3605"
"7129","贩卖毒品罪","3606"
"7130","贩卖毒品罪","3607"
"7131","贩卖毒品罪","3608"
"7132","贩卖毒品罪","3609"
"7133","贩卖毒品罪","3610"
"7134","聚众斗殴罪","3611"
"7135","贩卖毒品罪","3611"
"7136","盗窃罪","3611"
"7137","贩卖毒品罪","3612"
"7138","贩卖毒品罪","3613"
"7139","贩卖毒品罪","3614"
"7140","贩卖毒品罪","3615"
"7141","贩卖毒品罪","3616"
"7142","贩卖毒品罪","3617"
"7143","贩卖毒品罪","3618"
"7144","贩卖毒品罪","3619"
"7145","贩卖毒品罪","3620"
"7146","贩卖毒品罪","3621"
"7147","贩卖毒品罪","3622"
"7148","贩卖毒品罪","3623"
"7149","贩卖毒品罪","3624"
"7150","贩卖毒品罪","3625"
"7151","贩卖毒品罪","3626"
"7152","贩卖毒品罪","3627"
"7153","贩卖毒品罪","3628"
"7154","贩卖毒品罪","3629"
"7155","贩卖毒品罪","3630"
"7156","贩卖毒品罪","3631"
"7157","贩卖毒品罪","3632"
"7158","贩卖毒品罪","3633"
"7159","贩卖毒品罪","3634"
"7160","贩卖毒品罪","3635"
"7161","贩卖毒品罪","3636"
"7162","贩卖毒品罪","3637"
"7163","贩卖毒品罪","3638"
"7164","贩卖毒品罪","3639"
"7165","贩卖毒品罪","3640"
"7166","贩卖毒品罪","3641"
"7167","贩卖毒品罪","3642"
"7168","贩卖毒品罪","3643"
"7169","贩卖毒品罪","3644"
"7170","贩卖毒品罪","3645"
"7171","贩卖毒品罪","3646"
"7172","盗窃罪","3646"
"7173","贩卖毒品罪","3647"
"7174","贩卖毒品罪","3648"
"7175","贩卖毒品罪","3649"
"7176","贩卖毒品罪","3650"
"7177","贩卖毒品罪","3651"
"7178","贩卖毒品罪","3652"
"7179","贩卖毒品罪","3653"
"7180","贩卖毒品罪","3654"
"7181","贩卖毒品罪","3655"
"7182","贩卖毒品罪","3656"
"7183","贩卖毒品罪","3657"
"7184","贩卖毒品罪","3658"
"7185","贩卖毒品罪","3659"
"7186","贩卖毒品罪","3660"
"7187","贩卖毒品罪","3661"
"7188","贩卖毒品罪","3662"
"7189","贩卖毒品罪","3663"
"7190","贩卖毒品罪","3664"
"7191","贩卖毒品罪","3665"
"7192","贩卖毒品罪","3666"
"7193","贩卖毒品罪","3667"
"7194","贩卖毒品罪","3668"
"7195","贩卖毒品罪","3669"
"7196","贩卖毒品罪","3670"
"7197","贩卖毒品罪","3671"
"7198","贩卖毒品罪","3672"
"7199","贩卖毒品罪","3673"
"7200","贩卖毒品罪","3674"
"7201","贩卖毒品罪","3675"
"7202","贩卖毒品罪","3676"
"7203","贩卖毒品罪","3677"
"7204","贩卖毒品罪","3678"
"7205","贩卖毒品罪","3679"
"7206","贩卖毒品罪","3680"
"7207","贩卖毒品罪","3681"
"7208","贩卖毒品罪","3682"
"7209","贩卖毒品罪","3683"
"7210","贩卖毒品罪","3684"
"7211","贩卖毒品罪","3685"
"7212","贩卖毒品罪","3686"
"7213","贩卖毒品罪","3687"
"7214","贩卖毒品罪","3688"
"7215","贩卖毒品罪","3689"
"7216","贩卖毒品罪","3690"
"7217","贩卖毒品罪","3691"
"7218","贩卖毒品罪","3692"
"7219","贩卖毒品罪","3693"
"7220","贩卖毒品罪","3694"
"7221","贩卖毒品罪","3695"
"7222","贩卖毒品罪","3696"
"7223","运输毒品罪","3696"
"7224","容留他人吸毒罪","3696"
"7225","运输毒品罪","3697"
"7226","贩卖毒品罪","3697"
"7227","贩卖毒品罪","3698"
"7228","贩卖毒品罪","3699"
"7229","贩卖毒品罪","3700"
"7230","贩卖毒品罪","3701"
"7231","贩卖毒品罪","3702"
"7232","贩卖毒品罪","3703"
"7233","贩卖毒品罪","3704"
"7234","贩卖毒品罪","3705"
"7235","贩卖毒品罪","3706"
"7236","贩卖毒品罪","3707"
"7237","贩卖毒品罪","3708"
"7238","贩卖毒品罪","3709"
"7239","贩卖毒品罪","3710"
"7240","贩卖毒品罪","3711"
"7241","贩卖毒品罪","3712"
"7242","贩卖毒品罪","3713"
"7243","贩卖毒品罪","3714"
"7244","贩卖毒品罪","3715"
"7245","运输毒品罪","3716"
"7246","贩卖毒品罪","3717"
"7247","贩卖毒品罪","3718"
"7248","贩卖毒品罪","3719"
"7249","贩卖毒品罪","3720"
"7250","贩卖毒品罪","3721"
"7251","贩卖毒品罪","3722"
"7252","贩卖毒品罪","3723"
"7253","贩卖毒品罪","3724"
"7254","贩卖毒品罪","3725"
"7255","贩卖毒品罪","3726"
"7256","贩卖毒品罪","3727"
"7257","贩卖毒品罪","3728"
"7258","贩卖毒品罪","3729"
"7259","贩卖毒品罪","3730"
"7260","贩卖毒品罪","3731"
"7261","贩卖毒品罪","3732"
"7262","贩卖毒品罪","3733"
"7263","贩卖毒品罪","3734"
"7264","贩卖毒品罪","3735"
"7265","贩卖毒品罪","3736"
"7266","贩卖毒品罪","3737"
"7267","贩卖毒品罪","3738"
"7268","贩卖毒品罪","3739"
"7269","贩卖毒品罪","3740"
"7270","贩卖毒品罪","3741"
"7271","贩卖毒品罪","3742"
"7272","贩卖毒品罪","3743"
"7273","贩卖毒品罪","3744"
"7274","贩卖毒品罪","3745"
"7275","贩卖毒品罪","3746"
"7276","贩卖毒品罪","3747"
"7277","贩卖毒品罪","3748"
"7278","贩卖毒品罪","3749"
"7279","贩卖毒品罪","3750"
"7280","贩卖毒品罪","3751"
"7281","贩卖毒品罪","3752"
"7282","贩卖毒品罪","3753"
"7283","贩卖毒品罪","3754"
"7284","贩卖毒品罪","3755"
"7285","贩卖毒品罪","3756"
"7286","贩卖毒品罪","3757"
"7287","贩卖毒品罪","3758"
"7288","贩卖毒品罪","3759"
"7289","贩卖毒品罪","3760"
"7290","贩卖毒品罪","3761"
"7291","贩卖毒品罪","3762"
"7292","贩卖毒品罪","3763"
"7293","贩卖毒品罪","3764"
"7294","贩卖毒品罪","3765"
"7295","贩卖毒品罪","3766"
"7296","贩卖毒品罪","3767"
"7297","贩卖毒品罪","3768"
"7298","贩卖毒品罪","3769"
"7299","贩卖毒品罪","3770"
"7300","贩卖毒品罪","3771"
"7301","贩卖毒品罪","3772"
"7302","贩卖毒品罪","3773"
"7303","贩卖毒品罪","3774"
"7304","贩卖毒品罪","3775"
"7305","贩卖毒品罪","3776"
"7306","贩卖毒品罪","3777"
"7307","贩卖毒品罪","3778"
"7308","容留他人吸毒罪","3778"
"7309","贩卖毒品罪","3779"
"7310","贩卖毒品罪","3780"
"7311","贩卖毒品罪","3781"
"7312","贩卖毒品罪","3782"
"7313","贩卖毒品罪","3783"
"7314","贩卖毒品罪","3784"
"7315","贩卖毒品罪","3785"
"7316","容留他人吸毒品罪","3785"
"7317","贩卖毒品罪","3786"
"7318","贩卖毒品罪","3787"
"7319","贩卖毒品罪","3788"
"7320","贩卖毒品罪","3789"
"7321","容留他人吸毒罪","3789"
"7322","贩卖毒品罪","3790"
"7323","贩卖毒品罪","3791"
"7324","贩卖毒品罪","3792"
"7325","贩卖毒品罪","3793"
"7326","贩卖毒品罪","3794"
"7327","贩卖毒品罪","3795"
"7328","贩卖毒品罪","3796"
"7329","贩卖毒品罪","3797"
"7330","贩卖毒品罪","3798"
"7331","贩卖毒品罪","3799"
"7332","贩卖毒品罪","3800"
"7333","盗窃罪","3800"
"7334","贩卖毒品罪","3801"
"7335","贩卖毒品罪","3802"
"7336","贩卖毒品罪","3803"
"7337","贩卖毒品罪","3804"
"7338","贩卖毒品罪","3805"
"7339","贩卖毒品罪","3806"
"7340","故意伤害罪","3806"
"7341","贩卖毒品罪","3807"
"7342","贩卖毒品罪","3808"
"7343","贩卖毒品罪","3809"
"7344","贩卖毒品罪","3810"
"7345","运输毒品罪","3811"
"7346","贩卖毒品罪","3812"
"7347","贩卖毒品罪","3813"
"7348","贩卖毒品罪","3814"
"7349","贩卖毒品罪","3815"
"7350","贩卖毒品罪","3816"
"7351","贩卖毒品罪","3817"
"7352","贩卖毒品罪","3818"
"7353","贩卖毒品罪","3819"
"7354","贩卖毒品罪","3820"
"7355","贩卖毒品罪","3821"
"7356","贩卖毒品罪","3822"
"7357","贩卖毒品罪","3823"
"7358","贩卖毒品罪","3824"
"7359","贩卖毒品罪","3825"
"7360","贩卖毒品罪","3826"
"7361","贩卖毒品罪","3827"
"7362","贩卖毒品罪","3828"
"7363","贩卖毒品罪","3829"
"7364","贩卖毒品罪","3830"
"7365","贩卖毒品罪","3831"
"7366","贩卖毒品罪","3832"
"7367","贩卖毒品罪","3833"
"7368","贩卖毒品罪","3834"
"7369","贩卖毒品罪","3835"
"7370","贩卖毒品罪","3836"
"7371","贩卖毒品罪","3837"
"7372","贩卖毒品罪","3838"
"7373","运输毒品罪","3838"
"7374","贩卖毒品罪","3839"
"7375","运输毒品罪","3839"
"7376","贩卖毒品罪","3840"
"7377","容留他人吸毒罪","3840"
"7378","贩卖毒品罪","3841"
"7379","运输毒品罪","3841"
"7380","容留他人吸毒罪","3841"
"7381","贩卖毒品罪","3842"
"7382","运输毒品罪","3842"
"7383","贩卖毒品罪","3843"
"7384","贩卖毒品罪","3844"
"7385","贩卖毒品罪","3845"
"7386","贩卖毒品罪","3846"
"7387","贩卖毒品罪","3847"
"7388","贩卖毒品罪","3848"
"7389","贩卖毒品罪","3849"
"7390","贩卖毒品罪","3850"
"7391","贩卖毒品罪","3851"
"7392","运输毒品罪","3851"
"7393","贩卖毒品罪","3852"
"7394","贩卖毒品罪","3853"
"7395","贩卖毒品罪","3854"
"7396","贩卖毒品罪","3855"
"7397","贩卖毒品罪","3856"
"7398","贩卖毒品罪","3857"
"7399","贩卖毒品罪","3858"
"7400","贩卖毒品罪","3859"
"7401","贩卖毒品罪","3860"
"7402","贩卖毒品罪","3861"
"7403","贩卖毒品罪","3862"
"7404","贩卖毒品罪","3863"
"7405","贩卖毒品罪","3864"
"7406","容留他人吸毒罪","3864"
"7407","贩卖毒品罪","3865"
"7408","贩卖毒品罪","3866"
"7409","贩卖毒品罪","3867"
"7410","贩卖毒品罪","3868"
"7411","贩卖毒品罪","3869"
"7412","盗窃罪","3869"
"7413","贩卖毒品罪","3870"
"7414","贩卖毒品罪","3871"
"7415","贩卖毒品罪","3872"
"7416","贩卖毒品罪","3873"
"7417","容留他人吸毒罪","3873"
"7418","非法持有毒品罪","3874"
"7419","贩卖毒品罪","3875"
"7420","贩卖毒品罪","3876"
"7421","贩卖毒品罪","3877"
"7422","贩卖毒品罪","3878"
"7423","贩卖毒品罪","3879"
"7424","贩卖毒品罪","3880"
"7425","贩卖毒品罪","3881"
"7426","贩卖毒品罪","3882"
"7427","容留他人吸毒罪","3883"
"7428","贩卖毒品罪","3883"
"7429","贩卖毒品罪","3884"
"7430","贩卖毒品罪","3885"
"7431","贩卖毒品罪","3886"
"7432","贩卖毒品罪","3887"
"7433","贩卖毒品罪","3888"
"7434","贩卖毒品罪","3889"
"7435","贩卖毒品罪","3890"
"7436","贩卖毒品罪","3891"
"7437","贩卖毒品罪","3892"
"7438","贩卖毒品罪","3893"
"7439","贩卖毒品罪","3894"
"7440","贩卖毒品罪","3895"
"7441","贩卖毒品罪","3896"
"7442","贩卖毒品罪","3897"
"7443","贩卖毒品罪","3898"
"7444","贩卖毒品罪","3899"
"7445","贩卖毒品罪","3900"
"7446","贩卖毒品罪","3901"
"7447","贩卖毒品罪","3902"
"7448","贩卖毒品罪","3903"
"7449","贩卖毒品罪","3904"
"7450","贩卖毒品罪","3905"
"7451","贩卖毒品罪","3906"
"7452","贩卖毒品罪","3907"
"7453","贩卖毒品罪","3908"
"7454","贩卖毒品罪","3909"
"7455","贩卖毒品罪","3910"
"7456","贩卖毒品罪","3911"
"7457","贩卖毒品罪","3912"
"7458","贩卖毒品罪","3913"
"7459","贩卖毒品罪","3914"
"7460","贩卖毒品罪","3915"
"7461","贩卖毒品罪","3916"
"7462","贩卖毒品罪","3917"
"7463","贩卖毒品罪","3918"
"7464","贩卖毒品罪","3919"
"7465","贩卖毒品罪","3920"
"7466","贩卖毒品罪","3921"
"7467","贩卖毒品罪","3922"
"7468","贩卖毒品罪","3923"
"7469","运输毒品罪","3924"
"7470","贩卖毒品罪","3925"
"7471","贩卖毒品罪","3926"
"7472","贩卖毒品罪","3927"
"7473","贩卖毒品罪","3928"
"7474","贩卖毒品罪","3929"
"7475","贩卖毒品罪","3930"
"7476","贩卖毒品罪","3931"
"7477","贩卖毒品罪","3932"
"7478","贩卖毒品罪","3933"
"7479","贩卖毒品罪","3934"
"7480","贩卖毒品罪","3935"
"7481","贩卖毒品罪","3936"
"7482","贩卖毒品罪","3937"
"7483","贩卖毒品罪","3938"
"7484","贩卖毒品罪","3939"
"7485","贩卖毒品罪","3940"
"7486","贩卖毒品罪","3941"
"7487","贩卖毒品罪","3942"
"7488","贩卖毒品罪","3943"
"7489","贩卖毒品罪","3944"
"7490","贩卖毒品罪","3945"
"7491","贩卖毒品罪","3946"
"7492","贩卖毒品罪","3947"
"7493","贩卖毒品罪","3948"
"7494","贩卖毒品罪","3949"
"7495","贩卖毒品罪","3950"
"7496","贩卖毒品罪","3951"
"7497","贩卖毒品罪","3952"
"7498","贩卖毒品罪","3953"
"7499","贩卖毒品罪","3954"
"7500","贩卖毒品罪","3955"
"7501","贩卖毒品罪","3956"
"7502","贩卖毒品罪","3957"
"7503","容留他人吸毒罪","3957"
"7504","贩卖毒品罪","3958"
"7505","贩卖毒品罪","3959"
"7506","贩卖毒品罪","3960"
"7507","贩卖毒品罪","3961"
"7508","贩卖毒品罪","3962"
"7509","贩卖毒品罪","3963"
"7510","贩卖毒品罪","3964"
"7511","贩卖毒品罪","3965"
"7512","贩卖毒品罪","3966"
"7513","贩卖毒品罪","3967"
"7514","贩卖毒品罪","3968"
"7515","运输毒品罪","3968"
"7516","贩卖毒品罪","3969"
"7517","贩卖毒品罪","3970"
"7518","贩卖毒品罪","3971"
"7519","贩卖毒品罪","3972"
"7520","贩卖毒品罪","3973"
"7521","贩卖毒品罪","3974"
"7522","贩卖毒品罪","3975"
"7523","贩卖毒品罪","3976"
"7524","贩卖毒品罪","3977"
"7525","贩卖毒品罪","3978"
"7526","贩卖毒品罪","3979"
"7527","贩卖毒品罪","3980"
"7528","贩卖毒品罪","3981"
"7529","容留他人吸毒罪","3981"
"7530","非法持有毒品罪","3982"
"7531","贩卖毒品罪","3983"
"7532","贩卖毒品罪","3984"
"7533","贩卖毒品罪","3985"
"7534","贩卖毒品罪","3986"
"7535","贩卖毒品罪","3987"
"7536","贩卖毒品罪","3988"
"7537","贩卖毒品罪","3989"
"7538","贩卖毒品罪","3990"
"7539","贩卖毒品罪","3991"
"7540","贩卖毒品罪","3992"
"7541","贩卖毒品罪","3993"
"7542","贩卖毒品罪","3994"
"7543","贩卖毒品罪","3995"
"7544","贩卖毒品罪","3996"
"7545","贩卖毒品罪","3997"
"7546","贩卖毒品罪","3998"
"7547","贩卖毒品罪","3999"
"7548","贩卖毒品罪","4000"
"7549","贩卖毒品罪","4001"
"7550","贩卖毒品罪","4002"
"7551","贩卖毒品罪","4003"
"7552","贩卖毒品罪","4004"
"7553","容留他人吸毒罪","4004"
"7554","贩卖毒品罪","4005"
"7555","贩卖毒品罪","4006"
"7556","贩卖毒品罪","4007"
"7557","贩卖毒品罪","4008"
"7558","贩卖毒品罪","4009"
"7559","贩卖毒品罪","4010"
"7560","贩卖毒品罪","4011"
"7561","贩卖毒品罪","4012"
"7562","贩卖毒品罪","4013"
"7563","贩卖毒品罪","4014"
"7564","贩卖毒品罪","4015"
"7565","贩卖毒品罪","4016"
"7566","贩卖毒品罪","4017"
"7567","贩卖毒品罪","4018"
"7568","容留他人吸毒罪","4018"
"7569","贩卖毒品罪","4019"
"7570","贩卖毒品罪","4020"
"7571","贩卖毒品罪","4021"
"7572","贩卖毒品罪","4022"
"7573","贩卖毒品罪","4023"
"7574","贩卖毒品罪","4024"
"7575","贩卖毒品罪","4025"
"7576","贩卖毒品罪","4026"
"7577","贩卖毒品罪","4027"
"7578","贩卖毒品罪","4028"
"7579","贩卖毒品罪","4029"
"7580","贩卖毒品罪","4030"
"7581","贩卖毒品罪","4031"
"7582","贩卖毒品罪","4032"
"7583","贩卖毒品罪","4033"
"7584","贩卖毒品罪","4034"
"7585","贩卖毒品罪","4035"
"7586","容留他人吸毒罪","4035"
"7587","贩卖毒品罪","4036"
"7588","贩卖毒品罪","4037"
"7589","贩卖毒品罪","4038"
"7590","贩卖毒品罪","4039"
"7591","贩卖毒品罪","4040"
"7592","贩卖毒品罪","4041"
"7593","贩卖毒品罪","4042"
"7594","贩卖毒品罪","4043"
"7595","贩卖毒品罪","4044"
"7596","贩卖毒品罪","4045"
"7597","贩卖毒品罪","4046"
"7598","贩卖毒品罪","4047"
"7599","贩卖毒品罪","4048"
"7600","贩卖毒品罪","4049"
"7601","贩卖毒品罪","4050"
"7602","贩卖毒品罪","4051"
"7603","贩卖毒品罪","4052"
"7604","非法持有枪支罪","4052"
"7605","贩卖毒品罪","4053"
"7606","贩卖毒品罪","4054"
"7607","贩卖毒品罪","4055"
"7608","贩卖毒品罪","4056"
"7609","贩卖毒品罪","4057"
"7610","贩卖毒品罪","4058"
"7611","贩卖毒品罪","4059"
"7612","贩卖毒品罪","4060"
"7613","贩卖毒品罪","4061"
"7614","贩卖毒品罪","4062"
"7615","贩卖毒品罪","4063"
"7616","贩卖毒品罪","4064"
"7617","贩卖毒品罪","4065"
"7618","贩卖毒品罪","4066"
"7619","贩卖毒品罪","4067"
"7620","贩卖毒品罪","4068"
"7621","贩卖毒品罪","4069"
"7622","贩卖毒品罪","4070"
"7623","贩卖毒品罪","4071"
"7624","贩卖毒品罪","4072"
"7625","贩卖毒品罪","4073"
"7626","贩卖毒品罪","4074"
"7627","运输毒品罪","4074"
"7628","贩卖毒品罪","4075"
"7629","运输毒品罪","4075"
"7630","贩卖毒品罪","4076"
"7631","贩卖毒品罪","4077"
"7632","容留他人吸毒罪","4077"
"7633","贩卖毒品罪","4078"
"7634","贩卖毒品罪","4079"
"7635","贩卖毒品罪","4080"
"7636","贩卖毒品罪","4081"
"7637","贩卖毒品罪","4082"
"7638","贩卖毒品罪","4083"
"7639","贩卖毒品罪","4084"
"7640","贩卖毒品罪","4085"
"7641","贩卖毒品罪","4086"
"7642","贩卖毒品罪","4087"
"7643","贩卖毒品罪","4088"
"7644","贩卖毒品罪","4089"
"7645","贩卖毒品罪","4090"
"7646","贩卖毒品罪","4091"
"7647","贩卖毒品罪","4092"
"7648","贩卖毒品罪","4093"
"7649","贩卖毒品罪","4094"
"7650","贩卖毒品罪","4095"
"7651","贩卖毒品罪","4096"
"7652","贩卖毒品罪","4097"
"7653","贩卖毒品罪","4098"
"7654","贩卖毒品罪","4099"
"7655","贩卖毒品罪","4100"
"7656","贩卖毒品罪","4101"
"7657","贩卖毒品罪","4102"
"7658","贩卖毒品罪","4103"
"7659","贩卖毒品罪","4104"
"7660","贩卖毒品罪","4105"
"7661","贩卖毒品罪","4106"
"7662","贩卖毒品罪","4107"
"7663","贩卖毒品罪","4108"
"7664","贩卖毒品罪","4109"
"7665","贩卖毒品罪","4110"
"7666","贩卖毒品罪","4111"
"7667","贩卖毒品罪","4112"
"7668","容留他人吸毒罪","4112"
"7669","贩卖毒品罪","4113"
"7670","贩卖毒品罪","4114"
"7671","贩卖毒品罪","4115"
"7672","贩卖毒品罪","4116"
"7673","贩卖毒品罪","4117"
"7674","贩卖毒品罪","4118"
"7675","贩卖毒品罪","4119"
"7676","贩卖毒品罪","4120"
"7677","贩卖毒品罪","4121"
"7678","贩卖毒品罪","4122"
"7679","贩卖毒品罪","4123"
"7680","贩卖毒品罪","4124"
"7681","贩卖毒品罪","4125"
"7682","贩卖毒品罪","4126"
"7683","贩卖毒品罪","4127"
"7684","贩卖毒品罪","4128"
"7685","贩卖毒品罪","4129"
"7686","贩卖毒品罪","4130"
"7687","贩卖毒品罪","4131"
"7688","贩卖毒品罪","4132"
"7689","贩卖毒品罪","4133"
"7690","故意伤害罪","4133"
"7691","贩卖毒品罪","4134"
"7692","贩卖毒品罪","4135"
"7693","贩卖毒品罪","4136"
"7694","贩卖毒品罪","4137"
"7695","贩卖毒品罪","4138"
"7696","贩卖毒品罪","4139"
"7697","贩卖毒品罪","4140"
"7698","贩卖毒品罪","4141"
"7699","贩卖毒品罪","4142"
"7700","贩卖毒品罪","4143"
"7701","贩卖毒品罪","4144"
"7702","贩卖毒品罪","4145"
"7703","贩卖毒品罪","4146"
"7704","贩卖毒品罪","4147"
"7705","贩卖毒品罪","4148"
"7706","贩卖毒品罪","4149"
"7707","贩卖毒品罪","4150"
"7708","贩卖毒品罪","4151"
"7709","贩卖毒品罪","4152"
"7710","贩卖毒品罪","4153"
"7711","贩卖毒品罪","4154"
"7712","贩卖毒品罪","4155"
"7713","贩卖毒品罪","4156"
"7714","非法持有毒品罪","4156"
"7715","贩卖毒品罪","4157"
"7716","贩卖毒品罪","4158"
"7717","贩卖毒品罪","4159"
"7718","贩卖毒品罪","4160"
"7719","贩卖毒品罪","4161"
"7720","贩卖毒品罪","4162"
"7721","贩卖毒品罪","4163"
"7722","贩卖毒品罪","4164"
"7723","贩卖毒品罪","4165"
"7724","贩卖毒品罪","4166"
"7725","贩卖毒品罪","4167"
"7726","贩卖毒品罪","4168"
"7727","贩卖毒品罪","4169"
"7728","贩卖毒品罪","4170"
"7729","贩卖毒品罪","4171"
"7730","贩卖毒品罪","4172"
"7731","贩卖毒品罪","4173"
"7732","贩卖毒品罪","4174"
"7733","贩卖毒品罪","4175"
"7734","贩卖毒品罪","4176"
"7735","贩卖毒品罪","4177"
"7736","贩卖毒品罪","4178"
"7737","贩卖毒品罪","4179"
"7738","贩卖毒品罪","4180"
"7739","贩卖毒品罪","4181"
"7740","贩卖毒品罪","4182"
"7741","贩卖毒品罪","4183"
"7742","容留他人吸毒罪","4183"
"7743","贩卖毒品罪","4184"
"7744","贩卖毒品罪","4185"
"7745","贩卖毒品罪","4186"
"7746","贩卖毒品罪","4187"
"7747","贩卖毒品罪","4188"
"7748","贩卖毒品罪","4189"
"7749","贩卖毒品罪","4190"
"7750","贩卖毒品罪","4191"
"7751","贩卖毒品罪","4192"
"7752","贩卖毒品罪","4193"
"7753","贩卖毒品罪","4194"
"7754","贩卖毒品罪","4195"
"7755","贩卖毒品罪","4196"
"7756","贩卖毒品罪","4197"
"7757","贩卖毒品罪","4198"
"7758","贩卖毒品罪","4199"
"7759","贩卖毒品罪","4200"
"7760","贩卖毒品罪","4201"
"7761","贩卖毒品罪","4202"
"7762","贩卖毒品罪","4203"
"7763","贩卖毒品罪","4204"
"7764","贩卖毒品罪","4205"
"7765","贩卖毒品罪","4206"
"7766","贩卖毒品罪","4207"
"7767","贩卖毒品罪","4208"
"7768","贩卖毒品罪","4209"
"7769","贩卖毒品罪","4210"
"7770","贩卖毒品罪","4211"
"7771","贩卖毒品罪","4212"
"7772","贩卖毒品罪","4213"
"7773","贩卖毒品罪","4214"
"7774","贩卖毒品罪","4215"
"7775","贩卖毒品罪","4216"
"7776","贩卖毒品罪","4217"
"7777","贩卖毒品罪","4218"
"7778","贩卖毒品罪","4219"
"7779","贩卖毒品罪","4220"
"7780","贩卖毒品罪","4221"
"7781","贩卖毒品罪","4222"
"7782","贩卖毒品罪","4223"
"7783","贩卖毒品罪","4224"
"7784","贩卖毒品罪","4225"
"7785","贩卖毒品罪","4226"
"7786","贩卖毒品罪","4227"
"7787","贩卖毒品罪","4228"
"7788","贩卖毒品罪","4229"
"7789","贩卖毒品罪","4230"
"7790","贩卖毒品罪","4231"
"7791","贩卖毒品罪","4232"
"7792","贩卖毒品罪","4233"
"7793","容留他人吸毒罪","4233"
"7794","寻衅滋事罪","4233"
"7795","贩卖毒品罪","4234"
"7796","贩卖毒品罪","4235"
"7797","贩卖毒品罪","4236"
"7798","贩卖毒品罪","4237"
"7799","贩卖毒品罪","4238"
"7800","贩卖毒品罪","4239"
"7801","贩卖毒品罪","4240"
"7802","贩卖毒品罪","4241"
"7803","贩卖毒品罪","4242"
"7804","贩卖毒品罪","4243"
"7805","贩卖毒品罪","4244"
"7806","贩卖毒品罪","4245"
"7807","贩卖毒品罪","4246"
"7808","贩卖毒品罪","4247"
"7809","贩卖毒品罪","4248"
"7810","运输毒品罪","4249"
"7811","贩卖毒品罪","4250"
"7812","贩卖毒品罪","4251"
"7813","贩卖毒品罪","4252"
"7814","贩卖毒品罪","4253"
"7815","贩卖毒品罪","4254"
"7816","贩卖毒品罪","4255"
"7817","贩卖毒品罪","4256"
"7818","贩卖毒品罪","4257"
"7819","贩卖毒品罪","4258"
"7820","贩卖毒品罪","4259"
"7821","贩卖毒品罪","4260"
"7822","贩卖毒品罪","4261"
"7823","贩卖毒品罪","4262"
"7824","贩卖毒品罪","4263"
"7825","贩卖毒品罪","4264"
"7826","贩卖毒品罪","4265"
"7827","贩卖毒品罪","4266"
"7828","容留他人吸毒罪","4266"
"7829","贩卖毒品罪","4267"
"7830","贩卖毒品罪","4268"
"7831","贩卖毒品罪","4269"
"7832","贩卖毒品罪","4270"
"7833","贩卖毒品罪","4271"
"7834","贩卖毒品罪","4272"
"7835","贩卖毒品罪","4273"
"7836","贩卖毒品罪","4274"
"7837","贩卖毒品罪","4275"
"7838","贩卖毒品罪","4276"
"7839","贩卖毒品罪","4277"
"7840","贩卖毒品罪","4278"
"7841","贩卖毒品罪","4279"
"7842","贩卖毒品罪","4280"
"7843","贩卖毒品罪","4281"
"7844","贩卖毒品罪","4282"
"7845","贩卖毒品罪","4283"
"7846","贩卖毒品","4284"
"7847","盗窃罪","4284"
"7848","贩卖毒品罪","4285"
"7849","贩卖毒品罪","4286"
"7850","非法持有毒品罪","4286"
"7851","贩卖毒品罪","4287"
"7852","贩卖毒品罪","4288"
"7853","贩卖毒品罪","4289"
"7854","贩卖毒品罪","4290"
"7855","贩卖毒品罪","4291"
"7856","贩卖毒品罪","4292"
"7857","非法持有毒品罪","4292"
"7858","贩卖毒品罪","4293"
"7859","贩卖毒品罪","4294"
"7860","贩卖毒品罪","4295"
"7861","贩卖毒品罪","4296"
"7862","贩卖毒品罪","4297"
"7863","贩卖毒品罪","4297"
"7864","贩卖毒品罪","4298"
"7865","贩卖毒品罪","4299"
"7866","贩卖毒品罪","4300"
"7867","贩卖毒品罪","4301"
"7868","贩卖毒品罪","4302"
"7869","贩卖毒品罪","4303"
"7870","贩卖毒品罪","4304"
"7871","容留他人吸毒罪","4304"
"7872","贩卖毒品罪","4305"
"7873","容留他人吸毒罪","4305"
"7874","贩卖毒品罪","4306"
"7875","贩卖毒品罪","4307"
"7876","贩卖毒品罪","4308"
"7877","贩卖毒品罪","4309"
"7878","贩卖毒品罪","4310"
"7879","贩卖毒品罪","4311"
"7880","贩卖毒品罪","4312"
"7881","贩卖毒品罪","4313"
"7882","贩卖毒品罪","4314"
"7883","贩卖毒品罪","4315"
"7884","贩卖毒品罪","4316"
"7885","贩卖毒品罪","4317"
"7886","贩卖毒品罪","4318"
"7887","贩卖毒品罪","4319"
"7888","贩卖毒品罪","4320"
"7889","贩卖毒品罪","4321"
"7890","贩卖毒品罪","4322"
"7891","贩卖毒品罪","4323"
"7892","贩卖毒品罪","4324"
"7893","贩卖毒品罪","4325"
"7894","贩卖毒品罪","4326"
"7895","贩卖毒品罪","4327"
"7896","贩卖毒品罪","4328"
"7897","贩卖毒品罪","4329"
"7898","贩卖毒品罪","4330"
"7899","贩卖毒品罪","4331"
"7900","贩卖毒品罪","4332"
"7901","贩卖毒品罪","4333"
"7902","贩卖毒品罪","4334"
"7903","贩卖毒品罪","4335"
"7904","贩卖毒品罪","4336"
"7905","贩卖毒品罪","4337"
"7906","贩卖毒品罪","4338"
"7907","贩卖毒品罪","4339"
"7908","贩卖毒品罪","4340"
"7909","贩卖毒品罪","4341"
"7910","贩卖毒品罪","4342"
"7911","贩卖毒品罪","4343"
"7912","贩卖毒品罪","4344"
"7913","贩卖毒品罪","4345"
"7914","贩卖毒品罪","4346"
"7915","贩卖毒品罪","4347"
"7916","贩卖毒品罪","4348"
"7917","贩卖毒品罪","4349"
"7918","贩卖毒品罪","4350"
"7919","贩卖毒品罪","4351"
"7920","贩卖毒品罪","4352"
"7921","贩卖毒品罪","4353"
"7922","贩卖毒品罪","4354"
"7923","贩卖毒品罪","4355"
"7924","贩卖毒品罪","4356"
"7925","贩卖毒品罪","4357"
"7926","贩卖毒品罪","4358"
"7927","贩卖毒品罪","4359"
"7928","贩卖毒品罪","4360"
"7929","贩卖毒品罪","4361"
"7930","贩卖毒品罪","4362"
"7931","贩卖毒品罪","4363"
"7932","贩卖毒品罪","4364"
"7933","贩卖毒品罪","4365"
"7934","贩卖毒品罪","4366"
"7935","贩卖毒品罪","4367"
"7936","贩卖毒品罪","4368"
"7937","贩卖毒品罪","4369"
"7938","贩卖毒品罪","4370"
"7939","贩卖毒品罪","4371"
"7940","运输毒品罪","4371"
"7941","贩卖毒品罪","4372"
"7942","贩卖毒品罪","4373"
"7943","贩卖毒品罪","4374"
"7944","贩卖毒品罪","4375"
"7945","贩卖毒品罪","4376"
"7946","贩卖毒品罪","4377"
"7947","贩卖毒品罪","4378"
"7948","贩卖毒品罪","4379"
"7949","贩卖毒品罪","4380"
"7950","贩卖毒品罪","4381"
"7951","贩卖毒品罪","4382"
"7952","贩卖毒品罪","4383"
"7953","贩卖毒品罪","4384"
"7954","贩卖毒品罪","4385"
"7955","贩卖毒品罪","4386"
"7956","贩卖毒品罪","4387"
"7957","贩卖毒品罪","4388"
"7958","贩卖毒品罪","4389"
"7959","贩卖毒品罪","4390"
"7960","贩卖毒品罪","4391"
"7961","贩卖毒品罪","4392"
"7962","贩卖毒品罪","4393"
"7963","贩卖毒品罪","4394"
"7964","贩卖毒品罪","4395"
"7965","贩卖毒品罪","4396"
"7966","贩卖毒品罪","4397"
"7967","贩卖毒品罪","4398"
"7968","贩卖毒品罪","4399"
"7969","贩卖毒品罪","4400"
"7970","贩卖毒品罪","4401"
"7971","贩卖毒品罪","4402"
"7972","贩卖毒品罪","4403"
"7973","贩卖毒品罪","4404"
"7974","贩卖毒品罪","4405"
"7975","贩卖毒品罪","4406"
"7976","贩卖毒品罪","4407"
"7977","贩卖毒品罪","4408"
"7978","贩卖毒品罪","4409"
"7979","贩卖毒品罪","4410"
"7980","贩卖毒品罪","4411"
"7981","贩卖毒品罪","4412"
"7982","贩卖毒品罪","4413"
"7983","贩卖毒品罪","4414"
"7984","贩卖毒品罪","4415"
"7985","贩卖毒品罪","4416"
"7986","贩卖毒品罪","4417"
"7987","贩卖毒品罪","4418"
"7988","贩卖毒品罪","4419"
"7989","贩卖毒品罪","4420"
"7990","贩卖毒品罪","4421"
"7991","贩卖毒品罪","4422"
"7992","贩卖毒品罪","4423"
"7993","贩卖毒品罪","4424"
"7994","贩卖毒品罪","4425"
"7995","贩卖毒品罪","4426"
"7996","贩卖毒品罪","4427"
"7997","贩卖毒品罪","4428"
"7998","贩卖毒品罪","4429"
"7999","贩卖毒品罪","4430"
"8000","贩卖毒品罪","4431"
"8001","贩卖毒品罪","4432"
"8002","贩卖毒品罪","4433"
"8003","贩卖毒品罪","4434"
"8004","贩卖毒品罪","4435"
"8005","贩卖毒品罪","4436"
"8006","贩卖毒品罪","4437"
"8007","贩卖毒品罪","4438"
"8008","贩卖毒品罪","4439"
"8009","贩卖毒品罪","4440"
"8010","贩卖毒品罪","4441"
"8011","贩卖毒品罪","4442"
"8012","贩卖毒品罪","4443"
"8013","贩卖毒品罪","4444"
"8014","贩卖毒品罪","4445"
"8015","贩卖毒品罪","4446"
"8016","贩卖毒品罪","4447"
"8017","贩卖毒品罪","4448"
"8018","贩卖毒品罪","4449"
"8019","贩卖毒品罪","4450"
"8020","贩卖毒品罪","4451"
"8021","贩卖毒品罪","4452"
"8022","贩卖毒品罪","4453"
"8023","容留他人吸毒罪","4453"
"8024","贩卖毒品罪","4454"
"8025","贩卖毒品罪","4455"
"8026","贩卖毒品罪","4456"
"8027","贩卖毒品罪","4457"
"8028","贩卖毒品罪","4458"
"8029","贩卖毒品罪","4459"
"8030","贩卖毒品罪","4460"
"8031","贩卖毒品罪","4461"
"8032","贩卖毒品罪","4462"
"8033","贩卖毒品罪","4463"
"8034","贩卖毒品罪","4464"
"8035","贩卖毒品罪","4465"
"8036","贩卖毒品罪","4466"
"8037","贩卖毒品罪","4467"
"8038","贩卖毒品罪","4468"
"8039","贩卖毒品罪","4469"
"8040","贩卖毒品罪","4470"
"8041","贩卖毒品罪","4471"
"8042","贩卖毒品罪","4472"
"8043","容留他人吸毒罪","4472"
"8044","贩卖毒品罪","4473"
"8045","贩卖毒品罪","4474"
"8046","贩卖毒品罪","4475"
"8047","贩卖毒品罪","4476"
"8048","贩卖毒品罪","4477"
"8049","贩卖毒品罪","4478"
"8050","贩卖毒品罪","4479"
"8051","贩卖毒品罪","4480"
"8052","运输毒品罪","4480"
"8053","贩卖毒品罪","4481"
"8054","贩卖毒品罪","4482"
"8055","贩卖毒品罪","4483"
"8056","运输毒品罪","4484"
"8057","贩卖毒品罪","4485"
"8058","贩卖毒品罪","4486"
"8059","贩卖毒品罪","4487"
"8060","贩卖毒品罪","4488"
"8061","贩卖毒品罪","4489"
"8062","贩卖毒品罪","4490"
"8063","贩卖毒品罪","4491"
"8064","贩卖毒品罪","4492"
"8065","贩卖毒品罪","4493"
"8066","贩卖毒品罪","4494"
"8067","贩卖毒品罪","4495"
"8068","贩卖毒品罪","4496"
"8069","运输毒品罪","4496"
"8070","容留他人吸毒罪","4496"
"8071","贩卖毒品罪","4497"
"8072","贩卖毒品罪","4498"
"8073","贩卖毒品罪","4499"
"8074","贩卖毒品罪","4500"
"8075","贩卖毒品罪","4501"
"8076","贩卖毒品罪","4502"
"8077","贩卖毒品罪","4503"
"8078","贩卖毒品罪","4504"
"8079","贩卖毒品罪","4505"
"8080","贩卖毒品罪","4506"
"8081","贩卖毒品罪","4507"
"8082","贩卖毒品罪","4508"
"8083","贩卖毒品罪","4509"
"8084","贩卖毒品罪","4510"
"8085","贩卖毒品罪","4511"
"8086","贩卖毒品罪","4512"
"8087","盗窃罪","4513"
"8088","贩卖毒品罪","4513"
"8089","贩卖毒品罪","4514"
"8090","贩卖毒品罪","4515"
"8091","贩卖毒品罪","4516"
"8092","容留他人吸毒罪","4516"
"8093","贩卖毒品罪","4517"
"8094","贩卖毒品罪","4518"
"8095","贩卖毒品罪","4519"
"8096","贩卖毒品罪","4520"
"8097","贩卖毒品罪","4521"
"8098","贩卖毒品罪","4522"
"8099","贩卖毒品罪","4523"
"8100","贩卖毒品罪","4524"
"8101","贩卖毒品罪","4525"
"8102","贩卖毒品罪","4526"
"8103","贩卖毒品罪","4527"
"8104","贩卖毒品罪","4528"
"8105","贩卖毒品罪","4529"
"8106","贩卖毒品罪","4530"
"8107","贩卖毒品罪","4531"
"8108","贩卖毒品罪","4532"
"8109","贩卖毒品罪","4533"
"8110","贩卖毒品罪","4534"
"8111","贩卖毒品罪","4535"
"8112","贩卖毒品罪","4536"
"8113","贩卖毒品罪","4537"
"8114","贩卖毒品罪","4538"
"8115","贩卖毒品罪","4539"
"8116","贩卖毒品罪","4540"
"8117","贩卖毒品罪","4541"
"8118","贩卖毒品罪","4542"
"8119","贩卖毒品罪","4543"
"8120","贩卖毒品罪","4544"
"8121","贩卖毒品罪","4545"
"8122","贩卖毒品罪","4546"
"8123","贩卖毒品罪","4547"
"8124","贩卖毒品罪","4548"
"8125","贩卖毒品罪","4549"
"8126","贩卖毒品罪","4550"
"8127","贩卖毒品罪","4551"
"8128","贩卖毒品罪","4552"
"8129","贩卖毒品罪","4553"
"8130","贩卖毒品罪","4554"
"8131","贩卖毒品罪","4555"
"8132","贩卖毒品罪","4556"
"8133","贩卖毒品罪","4557"
"8134","贩卖毒品罪","4558"
"8135","贩卖毒品罪","4559"
"8136","贩卖毒品罪","4560"
"8137","贩卖毒品罪","4561"
"8138","贩卖毒品罪","4562"
"8139","贩卖毒品罪","4563"
"8140","贩卖毒品罪","4564"
"8141","贩卖毒品罪","4565"
"8142","贩卖毒品罪","4566"
"8143","贩卖毒品罪","4567"
"8144","贩卖毒品罪","4568"
"8145","贩卖毒品罪","4569"
"8146","贩卖毒品罪","4570"
"8147","贩卖毒品罪","4571"
"8148","贩卖毒品罪","4572"
"8149","贩卖毒品罪","4573"
"8150","贩卖毒品罪","4574"
"8151","贩卖毒品罪","4575"
"8152","贩卖毒品罪","4576"
"8153","贩卖毒品罪","4577"
"8154","贩卖毒品罪","4578"
"8155","贩卖毒品罪","4579"
"8156","贩卖毒品罪","4580"
"8157","贩卖毒品罪","4581"
"8158","贩卖毒品罪","4582"
"8159","贩卖毒品罪","4583"
"8160","贩卖毒品罪","4584"
"8161","贩卖毒品罪","4585"
"8162","贩卖毒品罪","4586"
"8163","贩卖毒品罪","4587"
"8164","贩卖毒品罪","4588"
"8165","贩卖毒品罪","4589"
"8166","贩卖毒品罪","4590"
"8167","贩卖毒品罪","4591"
"8168","贩卖毒品罪","4592"
"8169","贩卖毒品罪","4593"
"8170","贩卖毒品罪","4594"
"8171","贩卖毒品罪","4595"
"8172","贩卖毒品罪","4596"
"8173","贩卖毒品罪","4597"
"8174","贩卖毒品罪","4598"
"8175","贩卖毒品罪","4599"
"8176","贩卖毒品罪","4600"
"8177","贩卖毒品罪","4601"
"8178","贩卖毒品罪","4602"
"8179","贩卖毒品罪","4603"
"8180","贩卖毒品罪","4604"
"8181","贩卖毒品罪","4605"
"8182","贩卖毒品罪","4606"
"8183","贩卖毒品罪","4607"
"8184","贩卖毒品罪","4608"
"8185","贩卖毒品罪","4609"
"8186","贩卖毒品罪","4610"
"8187","贩卖毒品罪","4611"
"8188","贩卖毒品罪","4612"
"8189","贩卖毒品罪","4613"
"8190","贩卖毒品罪","4614"
"8191","贩卖毒品罪","4615"
"8192","贩卖毒品罪","4616"
"8193","贩卖毒品罪","4617"
"8194","贩卖毒品罪","4618"
"8195","容留他人吸毒罪","4618"
"8196","贩卖毒品罪","4619"
"8197","贩卖毒品罪","4620"
"8198","贩卖毒品罪","4621"
"8199","贩卖毒品罪","4622"
"8200","容留他人吸毒罪","4622"
"8201","贩卖毒品罪","4623"
"8202","贩卖毒品罪","4624"
"8203","贩卖毒品罪","4625"
"8204","贩卖毒品罪","4626"
"8205","贩卖毒品罪","4627"
"8206","贩卖毒品罪","4628"
"8207","贩卖毒品罪","4629"
"8208","贩卖毒品罪","4630"
"8209","贩卖毒品罪","4631"
"8210","贩卖毒品罪","4632"
"8211","贩卖毒品罪","4633"
"8212","容留他人吸毒罪","4633"
"8213","贩卖毒品罪","4634"
"8214","贩卖毒品罪","4635"
"8215","贩卖毒品罪","4636"
"8216","贩卖毒品罪","4637"
"8217","容留他人吸毒罪","4637"
"8218","贩卖毒品罪","4638"
"8219","贩卖毒品罪","4639"
"8220","贩卖毒品罪","4640"
"8221","贩卖毒品罪","4641"
"8222","贩卖毒品罪","4642"
"8223","贩卖毒品罪","4643"
"8224","贩卖毒品罪","4644"
"8225","贩卖毒品罪","4645"
"8226","贩卖毒品罪","4646"
"8227","贩卖毒品罪","4647"
"8228","贩卖毒品罪","4648"
"8229","贩卖毒品罪","4649"
"8230","贩卖毒品罪","4650"
"8231","容留他人吸毒罪","4650"
"8232","贩卖毒品罪","4651"
"8233","贩卖毒品罪","4652"
"8234","贩卖毒品罪","4653"
"8235","贩卖毒品罪","4654"
"8236","容留他人吸毒罪","4654"
"8237","贩卖毒品罪","4655"
"8238","贩卖毒品罪","4656"
"8239","贩卖毒品罪","4657"
"8240","容留他人吸毒罪","4657"
"8241","贩卖毒品罪","4658"
"8242","贩卖毒品罪","4659"
"8243","贩卖毒品罪","4660"
"8244","贩卖毒品罪","4661"
"8245","贩卖毒品罪","4662"
"8246","非法拘禁罪","4662"
"8247","贩卖毒品罪","4663"
"8248","贩卖毒品罪","4664"
"8249","贩卖毒品罪","4665"
"8250","贩卖毒品罪","4666"
"8251","贩卖毒品罪","4667"
"8252","贩卖毒品罪","4668"
"8253","贩卖毒品罪","4669"
"8254","贩卖毒品罪","4670"
"8255","贩卖毒品罪","4671"
"8256","贩卖毒品罪","4672"
"8257","贩卖毒品罪","4673"
"8258","贩卖毒品罪","4674"
"8259","容留他人吸毒罪","4674"
"8260","贩卖毒品罪","4675"
"8261","贩卖毒品罪","4676"
"8262","贩卖毒品罪","4677"
"8263","贩卖毒品罪","4678"
"8264","贩卖毒品罪","4679"
"8265","贩卖毒品罪","4680"
"8266","容留他人吸毒罪","4680"
"8267","贩卖毒品罪","4681"
"8268","贩卖毒品罪","4682"
"8269","贩卖毒品罪","4683"
"8270","贩卖毒品罪","4684"
"8271","贩卖毒品罪","4685"
"8272","贩卖毒品罪","4686"
"8273","贩卖毒品罪","4687"
"8274","贩卖毒品罪","4688"
"8275","贩卖毒品罪","4689"
"8276","贩卖毒品罪","4690"
"8277","贩卖毒品罪","4691"
"8278","贩卖毒品罪","4692"
"8279","贩卖毒品罪","4693"
"8280","容留他人吸毒罪","4693"
"8281","贩卖毒品罪","4694"
"8282","贩卖毒品罪","4695"
"8283","容留他人吸毒罪","4695"
"8284","贩卖毒品罪","4696"
"8285","容留他人吸毒罪","4696"
"8286","贩卖毒品罪","4697"
"8287","贩卖毒品罪","4698"
"8288","贩卖毒品罪","4699"
"8289","贩卖毒品罪","4700"
"8290","贩卖毒品罪","4701"
"8291","贩卖毒品罪","4702"
"8292","贩卖毒品罪","4703"
"8293","贩卖毒品罪","4704"
"8294","贩卖毒品罪","4705"
"8295","贩卖毒品罪","4706"
"8296","贩卖毒品罪","4707"
"8297","贩卖毒品罪","4708"
"8298","贩卖毒品罪","4709"
"8299","容留他人吸毒罪","4709"
"8300","贩卖毒品罪","4710"
"8301","贩卖毒品罪","4711"
"8302","贩卖毒品罪","4712"
"8303","贩卖毒品罪","4713"
"8304","贩卖毒品罪","4714"
"8305","贩卖毒品罪","4715"
"8306","贩卖毒品罪","4716"
"8307","贩卖毒品罪","4717"
"8308","贩卖毒品罪","4718"
"8309","贩卖毒品罪","4719"
"8310","运输毒品罪","4720"
"8311","贩卖毒品罪","4721"
"8312","贩卖毒品罪","4722"
"8313","贩卖毒品罪","4723"
"8314","贩卖毒品罪","4724"
"8315","贩卖毒品罪","4725"
"8316","贩卖毒品罪","4726"
"8317","贩卖毒品罪","4727"
"8318","贩卖毒品罪","4728"
"8319","贩卖毒品罪","4729"
"8320","贩卖毒品罪","4730"
"8321","贩卖毒品罪","4731"
"8322","盗窃罪","4731"
"8323","贩卖毒品罪","4732"
"8324","贩卖毒品罪","4733"
"8325","贩卖毒品罪","4734"
"8326","贩卖毒品罪","4735"
"8327","贩卖毒品罪","4736"
"8328","贩卖毒品罪","4737"
"8329","贩卖毒品罪","4738"
"8330","贩卖毒品罪","4739"
"8331","贩卖毒品罪","4740"
"8332","贩卖毒品罪","4741"
"8333","贩卖毒品罪","4742"
"8334","贩卖毒品罪","4743"
"8335","贩卖毒品罪","4744"
"8336","贩卖毒品罪","4745"
"8337","贩卖毒品罪","4746"
"8338","贩卖毒品罪","4747"
"8339","贩卖毒品罪","4748"
"8340","贩卖毒品罪","4749"
"8341","贩卖毒品罪","4749"
"8342","贩卖毒品罪","4750"
"8343","贩卖毒品罪","4751"
"8344","贩卖毒品罪","4752"
"8345","贩卖毒品罪","4753"
"8346","贩卖毒品罪","4754"
"8347","贩卖毒品罪","4755"
"8348","贩卖毒品罪","4756"
"8349","贩卖毒品罪","4757"
"8350","贩卖毒品罪","4758"
"8351","贩卖毒品罪","4759"
"8352","贩卖毒品罪","4760"
"8353","贩卖毒品罪","4761"
"8354","贩卖毒品罪","4762"
"8355","贩卖毒品罪","4763"
"8356","贩卖毒品罪","4764"
"8357","贩卖毒品罪","4765"
"8358","贩卖毒品罪","4766"
"8359","贩卖毒品罪","4767"
"8360","贩卖毒品罪","4768"
"8361","贩卖毒品罪","4769"
"8362","贩卖毒品罪","4770"
"8363","贩卖毒品罪","4771"
"8364","贩卖毒品罪","4772"
"8365","贩卖毒品罪","4773"
"8366","贩卖毒品罪","4774"
"8367","贩卖毒品罪","4775"
"8368","贩卖毒品罪","4776"
"8369","贩卖毒品罪","4777"
"8370","容留他人吸毒罪","4777"
"8371","骗取贷款罪","4778"
"8372","贩卖毒品罪","4778"
"8373","贩卖毒品罪","4779"
"8374","贩卖毒品罪","4780"
"8375","贩卖毒品罪","4781"
"8376","贩卖毒品罪","4782"
"8377","贩卖毒品罪","4783"
"8378","贩卖毒品罪","4784"
"8379","贩卖毒品罪","4785"
"8380","贩卖毒品罪","4786"
"8381","贩卖毒品罪","4787"
"8382","贩卖毒品罪","4788"
"8383","贩卖毒品罪","4789"
"8384","贩卖毒品罪","4790"
"8385","贩卖毒品罪","4791"
"8386","贩卖毒品罪","4792"
"8387","贩卖毒品罪","4793"
"8388","贩卖毒品罪","4794"
"8389","贩卖毒品罪","4795"
"8390","贩卖毒品罪","4796"
"8391","贩卖毒品罪","4797"
"8392","贩卖毒品罪","4798"
"8393","贩卖毒品罪","4799"
"8394","贩卖毒品罪","4800"
"8395","贩卖毒品罪","4800"
"8396","非法持有毒品罪","4801"
"8397","贩卖毒品罪","4801"
"8398","贩卖毒品罪","4802"
"8399","贩卖毒品罪","4803"
"8400","贩卖毒品罪","4804"
"8401","贩卖毒品罪","4805"
"8402","贩卖毒品罪","4806"
"8403","贩卖毒品罪","4807"
"8404","贩卖毒品罪","4808"
"8405","贩卖毒品罪","4809"
"8406","非法持有毒品罪","4809"
"8407","贩卖毒品罪","4810"
"8408","妨害公务罪","4810"
"8409","贩卖毒品罪","4811"
"8410","贩卖毒品罪","4812"
"8411","贩卖毒品罪","4813"
"8412","贩卖毒品罪","4814"
"8413","贩卖毒品罪","4815"
"8414","贩卖毒品罪","4816"
"8415","贩卖毒品罪","4817"
"8416","贩卖毒品罪","4818"
"8417","贩卖毒品罪","4819"
"8418","贩卖毒品罪","4820"
"8419","贩卖毒品罪","4821"
"8420","贩卖毒品罪","4822"
"8421","容留他人吸毒罪","4822"
"8422","非法持有毒品罪","4822"
"8423","贩卖毒品罪","4823"
"8424","贩卖毒品罪","4824"
"8425","贩卖毒品罪","4825"
"8426","贩卖毒品罪","4826"
"8427","贩卖毒品罪","4827"
"8428","贩卖毒品罪","4828"
"8429","贩卖毒品罪","4829"
"8430","贩卖毒品罪","4830"
"8431","贩卖毒品罪","4831"
"8432","贩卖毒品罪","4832"
"8433","贩卖毒品罪","4833"
"8434","贩卖毒品罪","4834"
"8435","贩卖毒品罪","4835"
"8436","贩卖毒品罪","4836"
"8437","贩卖毒品罪","4837"
"8438","贩卖毒品罪","4838"
"8439","贩卖毒品罪","4839"
"8440","贩卖毒品罪","4840"
"8441","贩卖毒品罪","4841"
"8442","贩卖毒品罪","4842"
"8443","贩卖毒品罪","4843"
"8444","贩卖毒品罪","4844"
"8445","贩卖毒品罪","4845"
"8446","贩卖毒品罪","4846"
"8447","贩卖毒品罪","4847"
"8448","贩卖毒品罪","4848"
"8449","贩卖毒品罪","4849"
"8450","贩卖毒品罪","4850"
"8451","贩卖毒品罪","4851"
"8452","贩卖毒品罪","4852"
"8453","贩卖毒品罪","4853"
"8454","贩卖毒品罪","4854"
"8455","贩卖毒品罪","4855"
"8456","贩卖毒品罪","4856"
"8457","贩卖毒品罪","4857"
"8458","贩卖毒品罪","4858"
"8459","贩卖毒品罪","4859"
"8460","贩卖毒品罪","4860"
"8461","贩卖毒品罪","4861"
"8462","贩卖毒品罪","4862"
"8463","贩卖毒品罪","4863"
"8464","贩卖毒品罪","4864"
"8465","贩卖毒品罪","4865"
"8466","贩卖毒品罪","4866"
"8467","贩卖毒品罪","4867"
"8468","贩卖毒品罪","4868"
"8469","贩卖毒品罪","4869"
"8470","贩卖毒品罪","4870"
"8471","贩卖毒品罪","4871"
"8472","贩卖毒品罪","4872"
"8473","贩卖毒品罪","4873"
"8474","贩卖毒品罪","4874"
"8475","贩卖毒品罪","4875"
"8476","贩卖毒品罪","4876"
"8477","贩卖毒品罪","4877"
"8478","盗窃罪","4878"
"8479","贩卖毒品罪","4879"
"8480","贩卖毒品罪","4880"
"8481","贩卖毒品罪","4881"
"8482","贩卖毒品罪","4882"
"8483","贩卖毒品罪","4883"
"8484","贩卖毒品罪","4884"
"8485","贩卖毒品罪","4885"
"8486","贩卖毒品罪","4886"
"8487","贩卖毒品罪","4887"
"8488","运输毒品罪","4888"
"8489","贩卖毒品罪","4889"
"8490","贩卖毒品罪","4890"
"8491","贩卖毒品罪","4891"
"8492","贩卖毒品罪","4892"
"8493","贩卖毒品罪","4893"
"8494","贩卖毒品罪","4894"
"8495","贩卖毒品罪","4895"
"8496","贩卖毒品罪","4896"
"8497","贩卖毒品罪","4897"
"8498","贩卖毒品罪","4898"
"8499","贩卖毒品罪","4899"
"8500","贩卖毒品罪","4900"
"8501","贩卖毒品罪","4901"
"8502","贩卖毒品罪","4902"
"8503","贩卖毒品罪","4903"
"8504","贩卖毒品罪","4904"
"8505","贩卖毒品罪","4905"
"8506","贩卖毒品罪","4906"
"8507","贩卖毒品罪","4907"
"8508","贩卖毒品罪","4908"
"8509","贩卖毒品罪","4909"
"8510","贩卖毒品罪","4910"
"8511","贩卖毒品罪","4911"
"8512","贩卖毒品罪","4912"
"8513","贩卖毒品罪","4913"
"8514","贩卖毒品罪","4914"
"8515","贩卖毒品罪","4915"
"8516","贩卖毒品罪","4916"
"8517","贩卖毒品罪","4917"
"8518","贩卖毒品罪","4918"
"8519","贩卖毒品罪","4919"
"8520","贩卖毒品罪","4920"
"8521","贩卖毒品罪","4921"
"8522","运输毒品罪","4921"
"8523","贩卖毒品罪","4922"
"8524","贩卖毒品罪","4923"
"8525","贩卖毒品罪","4924"
"8526","贩卖毒品罪","4925"
"8527","贩卖毒品罪","4926"
"8528","贩卖毒品罪","4927"
"8529","贩卖毒品罪","4928"
"8530","贩卖毒品罪","4929"
"8531","贩卖毒品罪","4930"
"8532","贩卖毒品罪","4931"
"8533","贩卖毒品罪","4932"
"8534","贩卖毒品罪","4933"
"8535","贩卖毒品罪","4934"
"8536","贩卖毒品罪","4935"
"8537","容留他人吸毒罪","4935"
"8538","贩卖毒品罪","4936"
"8539","贩卖毒品罪","4937"
"8540","贩卖毒品罪","4938"
"8541","判处的有期徒刑九年六个月","4938"
"8542","贩卖毒品罪","4938"
"8543","没有执行的有期徒刑十一年六个月","4938"
"8544","贩卖毒品罪","4939"
"8545","贩卖毒品罪","4940"
"8546","贩卖毒品罪","4941"
"8547","贩卖毒品罪","4942"
"8548","贩卖毒品罪","4943"
"8549","贩卖毒品罪","4944"
"8550","贩卖毒品罪","4945"
"8551","运输毒品罪","4945"
"8552","贩卖毒品罪","4946"
"8553","贩卖毒品罪","4947"
"8554","贩卖毒品罪","4948"
"8555","贩卖毒品罪","4949"
"8556","贩卖毒品罪","4950"
"8557","贩卖毒品罪","4950"
"8558","贩卖毒品罪","4951"
"8559","非法持有毒品罪","4951"
"8560","贩卖毒品罪","4952"
"8561","贩卖毒品罪","4953"
"8562","贩卖毒品罪","4953"
"8563","贩卖毒品罪","4954"
"8564","贩卖毒品罪","4955"
"8565","贩卖毒品罪","4956"
"8566","贩卖毒品罪","4957"
"8567","贩卖毒品罪","4958"
"8568","贩卖毒品罪","4959"
"8569","贩卖毒品罪","4960"
"8570","贩卖毒品罪","4961"
"8571","贩卖毒品罪","4962"
"8572","贩卖毒品罪","4963"
"8573","贩卖毒品罪","4964"
"8574","贩卖毒品罪","4965"
"8575","贩卖毒品罪","4966"
"8576","贩卖毒品罪","4967"
"8577","贩卖毒品罪","4968"
"8578","贩卖毒品罪","4969"
"8579","贩卖毒品罪","4970"
"8580","贩卖毒品罪","4971"
"8581","贩卖毒品罪","4972"
"8582","贩卖毒品罪","4973"
"8583","贩卖毒品罪","4974"
"8584","贩卖毒品罪","4975"
"8585","贩卖毒品罪","4976"
"8586","贩卖毒品罪","4977"
"8587","贩卖毒品罪","4978"
"8588","贩卖毒品罪","4979"
"8589","非法持有枪支罪","4979"
"8590","贩卖毒品罪","4980"
"8591","贩卖毒品罪","4981"
"8592","贩卖毒品罪","4982"
"8593","贩卖毒品罪","4983"
"8594","贩卖毒品罪","4984"
"8595","贩卖毒品罪","4985"
"8596","贩卖毒品罪","4986"
"8597","贩卖毒品罪","4987"
"8598","贩卖毒品罪","4988"
"8599","贩卖毒品罪","4989"
"8600","贩卖毒品罪","4990"
"8601","贩卖毒品罪","4991"
"8602","容留他人吸毒罪","4991"
"8603","贩卖毒品罪","4992"
"8604","贩卖毒品罪","4993"
"8605","贩卖毒品罪","4994"
"8606","贩卖毒品罪","4995"
"8607","贩卖毒品罪","4996"
"8608","贩卖毒品罪","4997"
"8609","贩卖毒品罪","4998"
"8610","贩卖毒品罪","4999"
"8611","贩卖毒品罪","5000"
"8612","贩卖毒品罪","5001"
"8613","贩卖毒品罪","5002"
"8614","贩卖毒品罪","5003"
"8615","贩卖毒品罪","5004"
"8616","贩卖毒品罪","5005"
"8617","贩卖毒品罪","5006"
"8618","贩卖毒品罪","5007"
"8619","贩卖毒品罪","5008"
"8620","贩卖毒品罪","5009"
"8621","贩卖毒品罪","5010"
"8622","贩卖毒品罪","5011"
"8623","贩卖毒品罪","5012"
"8624","贩卖毒品罪","5013"
"8625","贩卖毒品罪","5014"
"8626","贩卖毒品罪","5015"
"8627","贩卖毒品罪","5016"
"8628","贩卖毒品罪","5017"
"8629","贩卖毒品罪","5018"
"8630","贩卖毒品罪","5019"
"8631","贩卖毒品罪","5020"
"8632","贩卖毒品罪","5021"
"8633","贩卖毒品罪","5022"
"8634","贩卖毒品罪","5023"
"8635","贩卖毒品罪","5024"
"8636","贩卖毒品罪","5025"
"8637","贩卖毒品罪","5026"
"8638","贩卖毒品罪","5027"
"8639","贩卖毒品罪","5028"
"8640","贩卖毒品罪","5029"
"8641","贩卖毒品罪","5030"
"8642","贩卖毒品罪","5031"
"8643","贩卖毒品罪","5032"
"8644","贩卖毒品罪","5033"
"8645","贩卖毒品罪","5034"
"8646","贩卖毒品罪","5035"
"8647","贩卖毒品罪","5036"
"8648","贩卖毒品罪","5037"
"8649","贩卖毒品罪","5038"
"8650","贩卖毒品罪","5039"
"8651","贩卖毒品罪","5040"
"8652","贩卖毒品罪","5041"
"8653","贩卖毒品罪","5042"
"8654","贩卖毒品罪","5043"
"8655","贩卖毒品罪","5044"
"8656","贩卖毒品罪","5045"
"8657","贩卖毒品罪","5046"
"8658","贩卖毒品罪","5047"
"8659","贩卖毒品罪","5048"
"8660","贩卖毒品罪","5049"
"8661","贩卖毒品罪","5050"
"8662","贩卖毒品罪","5051"
"8663","贩卖毒品罪","5052"
"8664","贩卖毒品罪","5053"
"8665","贩卖毒品罪","5054"
"8666","贩卖毒品罪","5055"
"8667","贩卖毒品罪","5056"
"8668","贩卖毒品罪","5057"
"8669","贩卖毒品罪","5058"
"8670","贩卖毒品罪","5059"
"8671","贩卖毒品罪","5060"
"8672","贩卖毒品罪","5061"
"8673","贩卖毒品罪","5062"
"8674","贩卖毒品罪","5063"
"8675","贩卖毒品罪","5064"
"8676","贩卖毒品罪","5065"
"8677","贩卖毒品罪","5066"
"8678","开设赌场罪","5067"
"8679","贩卖毒品罪","5067"
"8680","贩卖毒品罪","5068"
"8681","贩卖毒品罪","5069"
"8682","贩卖毒品罪","5070"
"8683","贩卖毒品罪","5071"
"8684","贩卖毒品罪张启方共同违法所得人民币1700元","5072"
"8685","贩卖毒品罪","5073"
"8686","贩卖毒品罪","5074"
"8687","贩卖毒品罪","5075"
"8688","贩卖毒品罪","5076"
"8689","贩卖毒品罪","5077"
"8690","贩卖毒品罪","5078"
"8691","贩卖毒品罪","5079"
"8692","贩卖毒品罪","5080"
"8693","贩卖毒品罪","5081"
"8694","贩卖毒品罪","5082"
"8695","贩卖毒品罪","5083"
"8696","贩卖毒品罪","5084"
"8697","贩卖毒品罪","5085"
"8698","贩卖毒品罪","5086"
"8699","贩卖毒品罪","5087"
"8700","贩卖毒品罪","5088"
"8701","贩卖毒品罪","5089"
"8702","贩卖毒品罪","5090"
"8703","贩卖毒品罪","5091"
"8704","贩卖毒品罪","5092"
"8705","贩卖毒品罪","5093"
"8706","盗窃罪","5094"
"8707","贩卖毒品罪","5094"
"8708","贩卖毒品罪","5095"
"8709","贩卖毒品罪","5096"
"8710","贩卖毒品罪","5097"
"8711","贩卖毒品罪","5098"
"8712","贩卖毒品罪","5099"
"8713","贩卖毒品罪","5100"
"8714","贩卖毒品罪","5101"
"8715","贩卖毒品罪","5102"
"8716","贩卖毒品罪","5103"
"8717","贩卖毒品罪","5104"
"8718","贩卖毒品罪","5105"
"8719","贩卖毒品罪","5105"
"8720","贩卖毒品罪","5106"
"8721","贩卖毒品罪","5107"
"8722","贩卖毒品罪","5108"
"8723","贩卖毒品罪","5109"
"8724","贩卖毒品罪","5110"
"8725","贩卖毒品罪","5111"
"8726","贩卖毒品罪","5112"
"8727","贩卖毒品罪","5113"
"8728","贩卖毒品罪","5114"
"8729","贩卖毒品罪","5115"
"8730","贩卖毒品罪","5116"
"8731","贩卖毒品罪","5117"
"8732","贩卖毒品罪","5118"
"8733","贩卖毒品罪","5119"
"8734","贩卖毒品罪","5120"
"8735","贩卖毒品罪","5121"
"8736","贩卖毒品罪","5122"
"8737","贩卖毒品罪","5123"
"8738","贩卖毒品罪","5124"
"8739","贩卖毒品罪","5125"
"8740","贩卖毒品罪","5126"
"8741","贩卖毒品罪","5127"
"8742","贩卖毒品罪","5128"
"8743","贩卖毒品罪","5129"
"8744","贩卖毒品罪","5130"
"8745","贩卖毒品罪","5131"
"8746","贩卖毒品罪","5132"
"8747","故意伤害罪","5132"
"8748","贩卖毒品罪","5133"
"8749","贩卖毒品罪","5134"
"8750","贩卖毒品罪","5135"
"8751","贩卖毒品罪","5136"
"8752","贩卖毒品罪","5137"
"8753","贩卖毒品罪","5138"
"8754","贩卖毒品罪","5139"
"8755","贩卖毒品罪","5140"
"8756","贩卖毒品罪","5141"
"8757","贩卖毒品罪","5142"
"8758","贩卖毒品罪","5143"
"8759","贩卖毒品罪","5144"
"8760","寻衅滋事罪","5144"
"8761","贩卖毒品罪","5145"
"8762","贩卖毒品罪","5146"
"8763","贩卖毒品罪","5147"
"8764","贩卖毒品罪","5148"
"8765","贩卖毒品罪","5148"
"8766","贩卖毒品罪","5149"
"8767","贩卖毒品罪","5150"
"8768","贩卖毒品罪","5151"
"8769","贩卖毒品罪","5152"
"8770","贩卖毒品罪","5153"
"8771","贩卖毒品罪","5154"
"8772","贩卖毒品罪","5155"
"8773","贩卖毒品罪","5156"
"8774","贩卖毒品罪","5157"
"8775","贩卖毒品罪","5158"
"8776","贩卖毒品罪","5159"
"8777","贩卖毒品罪","5160"
"8778","贩卖毒品罪","5161"
"8779","贩卖毒品罪","5162"
"8780","贩卖毒品罪","5163"
"8781","贩卖毒品罪","5164"
"8782","贩卖毒品罪","5165"
"8783","贩卖毒品罪","5166"
"8784","贩卖毒品罪","5167"
"8785","贩卖毒品罪","5168"
"8786","贩卖毒品罪","5169"
"8787","贩卖毒品罪","5170"
"8788","贩卖毒品罪","5171"
"8789","贩卖毒品罪","5172"
"8790","贩卖毒品罪","5173"
"8791","贩卖毒品罪","5174"
"8792","贩卖毒品罪","5175"
"8793","贩卖毒品罪","5176"
"8794","贩卖毒品罪","5177"
"8795","贩卖毒品罪","5178"
"8796","贩卖毒品罪","5179"
"8797","贩卖毒品罪","5180"
"8798","贩卖毒品罪","5181"
"8799","贩卖毒品罪","5182"
"8800","贩卖毒品罪","5183"
"8801","贩卖毒品罪","5184"
"8802","贩卖毒品罪","5185"
"8803","贩卖毒品罪","5186"
"8804","贩卖毒品罪","5187"
"8805","贩卖毒品罪","5188"
"8806","贩卖毒品罪","5189"
"8807","贩卖毒品罪","5190"
"8808","贩卖毒品罪","5191"
"8809","贩卖毒品罪","5192"
"8810","贩卖毒品罪","5193"
"8811","非法持有毒品罪","5194"
"8812","开设赌场罪","5194"
"8813","贩卖毒品罪","5195"
"8814","贩卖毒品罪","5196"
"8815","贩卖毒品罪","5197"
"8816","贩卖毒品罪","5198"
"8817","贩卖毒品罪","5199"
"8818","贩卖毒品罪","5200"
"8819","贩卖毒品罪","5201"
"8820","贩卖毒品罪","5202"
"8821","贩卖毒品罪","5203"
"8822","贩卖毒品罪","5204"
"8823","贩卖毒品罪","5205"
"8824","贩卖毒品罪","5206"
"8825","贩卖毒品罪","5207"
"8826","贩卖毒品罪","5207"
"8827","贩卖毒品罪","5208"
"8828","贩卖毒品罪","5209"
"8829","贩卖毒品罪","5210"
"8830","贩卖毒品罪","5211"
"8831","贩卖毒品罪","5212"
"8832","贩卖毒品罪","5213"
"8833","贩卖毒品罪","5214"
"8834","贩卖毒品罪","5215"
"8835","贩卖毒品罪","5216"
"8836","贩卖毒品罪","5217"
"8837","贩卖毒品罪","5218"
"8838","贩卖毒品罪","5219"
"8839","贩卖毒品罪","5220"
"8840","贩卖毒品罪","5221"
"8841","贩卖毒品罪","5222"
"8842","贩卖毒品罪","5223"
"8843","贩卖毒品罪","5224"
"8844","贩卖毒品罪","5225"
"8845","贩卖毒品罪","5226"
"8846","贩卖毒品罪","5227"
"8847","贩卖毒品罪","5228"
"8848","贩卖毒品罪","5229"
"8849","贩卖毒品罪","5230"
"8850","贩卖毒品罪","5231"
"8851","贩卖毒品罪","5232"
"8852","贩卖毒品罪","5233"
"8853","贩卖毒品罪","5234"
"8854","贩卖毒品罪","5235"
"8855","贩卖毒品罪","5236"
"8856","贩卖毒品罪","5237"
"8857","贩卖毒品罪","5238"
"8858","贩卖毒品罪","5239"
"8859","贩卖毒品罪","5240"
"8860","贩卖毒品罪","5241"
"8861","贩卖毒品罪","5242"
"8862","贩卖毒品罪","5243"
"8863","贩卖毒品罪","5244"
"8864","贩卖毒品罪","5244"
"8865","贩卖毒品罪","5245"
"8866","贩卖毒品罪","5246"
"8867","贩卖毒品罪","5247"
"8868","贩卖毒品罪","5248"
"8869","贩卖毒品罪","5249"
"8870","贩卖毒品罪","5250"
"8871","贩卖毒品罪","5251"
"8872","运输毒品罪","5252"
"8873","贩卖毒品罪","5253"
"8874","贩卖毒品罪","5254"
"8875","贩卖毒品罪","5255"
"8876","贩卖毒品罪","5256"
"8877","贩卖毒品罪","5257"
"8878","运输毒品罪","5258"
"8879","贩卖毒品罪","5259"
"8880","贩卖毒品罪","5260"
"8881","贩卖毒品罪","5261"
"8882","贩卖毒品罪","5262"
"8883","贩卖毒品罪","5263"
"8884","贩卖毒品罪","5264"
"8885","贩卖毒品罪","5265"
"8886","贩卖毒品罪","5266"
"8887","贩卖毒品罪","5267"
"8888","贩卖毒品罪","5268"
"8889","贩卖毒品罪","5269"
"8890","贩卖毒品罪","5270"
"8891","贩卖毒品罪","5271"
"8892","贩卖毒品罪","5272"
"8893","贩卖毒品罪","5273"
"8894","贩卖毒品罪","5274"
"8895","贩卖毒品罪","5275"
"8896","贩卖毒品罪","5276"
"8897","贩卖毒品罪","5277"
"8898","贩卖毒品罪","5278"
"8899","贩卖毒品罪","5279"
"8900","贩卖毒品罪","5280"
"8901","贩卖毒品罪","5280"
"8902","贩卖毒品罪","5281"
"8903","贩卖毒品罪","5282"
"8904","贩卖毒品罪","5283"
"8905","贩卖毒品罪","5284"
"8906","贩卖毒品罪","5285"
"8907","贩卖毒品罪","5286"
"8908","贩卖毒品罪","5287"
"8909","贩卖毒品罪","5288"
"8910","贩卖毒品罪","5289"
"8911","贩卖毒品罪","5290"
"8912","贩卖毒品罪","5291"
"8913","贩卖毒品罪","5292"
"8914","贩卖毒品罪","5293"
"8915","贩卖毒品罪","5294"
"8916","寻衅滋事罪","5294"
"8917","贩卖毒品罪","5295"
"8918","贩卖毒品罪","5295"
"8919","贩卖毒品罪","5296"
"8920","贩卖毒品罪","5297"
"8921","贩卖毒品罪","5298"
"8922","贩卖毒品罪","5299"
"8923","贩卖毒品罪","5300"
"8924","贩卖毒品罪","5301"
"8925","贩卖毒品罪","5302"
"8926","贩卖毒品罪","5303"
"8927","贩卖毒品罪","5304"
"8928","贩卖毒品罪","5305"
"8929","贩卖毒品罪","5306"
"8930","贩卖毒品罪","5307"
"8931","贩卖毒品罪","5308"
"8932","贩卖毒品罪","5309"
"8933","贩卖毒品罪","5310"
"8934","贩卖毒品罪","5310"
"8935","贩卖毒品罪","5311"
"8936","运输毒品罪","5311"
"8937","贩卖毒品罪","5312"
"8938","贩卖毒品罪","5313"
"8939","贩卖毒品罪","5314"
"8940","贩卖毒品罪","5315"
"8941","贩卖毒品罪","5316"
"8942","贩卖毒品罪","5317"
"8943","贩卖毒品罪","5318"
"8944","贩卖毒品罪","5319"
"8945","贩卖毒品罪","5320"
"8946","贩卖毒品罪","5321"
"8947","贩卖毒品罪","5322"
"8948","贩卖毒品罪","5323"
"8949","贩卖毒品罪","5324"
"8950","贩卖毒品罪","5325"
"8951","贩卖毒品罪","5326"
"8952","贩卖毒品罪","5327"
"8953","贩卖毒品罪","5328"
"8954","贩卖毒品罪","5329"
"8955","贩卖毒品罪","5330"
"8956","贩卖毒品罪","5331"
"8957","容留他人吸毒罪","5331"
"8958","贩卖毒品罪","5332"
"8959","贩卖毒品罪","5333"
"8960","贩卖毒品罪","5334"
"8961","贩卖毒品罪","5335"
"8962","贩卖毒品罪","5336"
"8963","贩卖毒品罪","5337"
"8964","贩卖毒品罪","5338"
"8965","贩卖毒品罪","5339"
"8966","贩卖毒品罪","5340"
"8967","贩卖毒品罪","5341"
"8968","贩卖毒品罪","5342"
"8969","贩卖毒品罪","5343"
"8970","贩卖毒品罪","5344"
"8971","贩卖毒品罪","5345"
"8972","贩卖毒品罪","5346"
"8973","贩卖毒品罪","5347"
"8974","贩卖毒品罪","5348"
"8975","贩卖毒品罪","5349"
"8976","贩卖毒品罪","5350"
"8977","贩卖毒品罪","5351"
"8978","贩卖毒品罪","5352"
"8979","贩卖毒品罪","5353"
"8980","贩卖毒品罪","5354"
"8981","贩卖毒品罪","5355"
"8982","贩卖毒品罪","5356"
"8983","贩卖毒品罪","5357"
"8984","贩卖毒品罪","5358"
"8985","容留他人吸毒罪","5358"
"8986","贩卖毒品罪","5359"
"8987","贩卖毒品罪","5360"
"8988","贩卖毒品罪","5361"
"8989","贩卖毒品罪","5362"
"8990","贩卖毒品罪","5363"
"8991","贩卖毒品罪","5364"
"8992","贩卖毒品罪","5365"
"8993","贩卖毒品罪","5366"
"8994","贩卖毒品罪","5367"
"8995","贩卖毒品罪","5368"
"8996","贩卖毒品罪","5369"
"8997","贩卖毒品罪","5370"
"8998","贩卖毒品罪","5371"
"8999","贩卖毒品罪","5372"
"9000","贩卖毒品罪","5373"
"9001","贩卖毒品罪","5374"
"9002","贩卖毒品罪","5375"
"9003","贩卖毒品罪","5376"
"9004","贩卖毒品罪","5377"
"9005","贩卖毒品罪","5378"
"9006","贩卖毒品罪","5379"
"9007","贩卖毒品罪","5380"
"9008","贩卖毒品罪","5381"
"9009","贩卖毒品罪","5382"
"9010","贩卖毒品罪","5383"
"9011","贩卖毒品罪","5384"
"9012","贩卖毒品罪","5385"
"9013","贩卖毒品罪","5386"
"9014","贩卖毒品罪","5387"
"9015","贩卖毒品罪","5388"
"9016","贩卖毒品罪","5389"
"9017","贩卖毒品罪","5390"
"9018","贩卖毒品罪","5391"
"9019","贩卖毒品罪","5392"
"9020","贩卖毒品罪","5393"
"9021","贩卖毒品罪","5394"
"9022","贩卖毒品罪","5395"
"9023","贩卖毒品罪","5396"
"9024","贩卖毒品罪","5397"
"9025","贩卖毒品罪","5398"
"9026","贩卖毒品罪","5399"
"9027","贩卖毒品罪","5400"
"9028","贩卖毒品罪","5401"
"9029","贩卖毒品罪","5402"
"9030","贩卖毒品罪","5403"
"9031","贩卖毒品罪","5404"
"9032","贩卖毒品罪","5405"
"9033","贩卖毒品罪","5406"
"9034","贩卖毒品罪","5407"
"9035","贩卖毒品罪","5408"
"9036","贩卖毒品罪","5409"
"9037","贩卖毒品罪","5410"
"9038","贩卖毒品罪","5411"
"9039","贩卖毒品罪","5412"
"9040","贩卖毒品罪","5413"
"9041","容留他人吸毒罪","5413"
"9042","贩卖毒品罪","5414"
"9043","贩卖毒品罪","5415"
"9044","贩卖毒品罪","5416"
"9045","贩卖毒品罪","5417"
"9046","贩卖毒品罪","5418"
"9047","贩卖毒品罪","5419"
"9048","贩卖毒品罪","5420"
"9049","贩卖毒品罪","5421"
"9050","贩卖毒品罪","5422"
"9051","贩卖毒品罪","5423"
"9052","贩卖毒品罪","5424"
"9053","贩卖毒品罪","5425"
"9054","贩卖毒品罪","5426"
"9055","贩卖毒品罪","5427"
"9056","贩卖毒品罪","5428"
"9057","贩卖毒品罪","5429"
"9058","贩卖毒品罪","5430"
"9059","信用卡诈骗罪","5430"
"9060","贩卖毒品罪","5431"
"9061","贩卖毒品罪","5432"
"9062","贩卖毒品罪","5433"
"9063","贩卖毒品罪","5434"
"9064","贩卖毒品罪","5435"
"9065","贩卖毒品罪","5436"
"9066","贩卖毒品罪","5437"
"9067","贩卖毒品罪","5438"
"9068","贩卖毒品罪","5439"
"9069","贩卖毒品罪","5440"
"9070","贩卖毒品罪","5441"
"9071","贩卖毒品罪","5442"
"9072","贩卖毒品罪","5443"
"9073","贩卖毒品罪","5444"
"9074","贩卖毒品罪","5445"
"9075","贩卖毒品罪","5446"
"9076","贩卖毒品罪","5447"
"9077","贩卖毒品罪","5448"
"9078","贩卖毒品罪","5449"
"9079","贩卖毒品罪","5450"
"9080","贩卖毒品罪","5451"
"9081","贩卖毒品罪","5452"
"9082","贩卖毒品罪","5453"
"9083","贩卖毒品罪","5454"
"9084","容留他人吸毒罪","5454"
"9085","贩卖毒品罪","5455"
"9086","贩卖毒品罪","5456"
"9087","贩卖毒品罪","5457"
"9088","贩卖毒品罪","5458"
"9089","贩卖毒品罪","5459"
"9090","贩卖毒品罪","5460"
"9091","贩卖毒品罪","5461"
"9092","贩卖毒品罪","5462"
"9093","贩卖毒品罪","5463"
"9094","容留他人吸毒罪","5464"
"9095","贩卖毒品罪","5464"
"9096","贩卖毒品罪","5465"
"9097","容留他人吸毒罪","5465"
"9098","贩卖毒品罪","5466"
"9099","贩卖毒品罪","5467"
"9100","贩卖毒品罪","5468"
"9101","贩卖毒品罪","5469"
"9102","贩卖毒品罪","5470"
"9103","贩卖毒品品罪","5471"
"9104","贩卖毒品罪","5472"
"9105","贩卖毒品罪","5473"
"9106","贩卖毒品罪","5474"
"9107","贩卖毒品罪","5475"
"9108","容留他人吸毒罪","5475"
"9109","贩卖毒品罪","5476"
"9110","贩卖毒品罪","5477"
"9111","贩卖毒品罪","5478"
"9112","贩卖毒品罪","5479"
"9113","贩卖毒品罪","5480"
"9114","贩卖毒品罪","5481"
"9115","贩卖毒品罪","5482"
"9116","容留他人吸毒罪","5482"
"9117","贩卖毒品罪","5483"
"9118","贩卖毒品罪","5484"
"9119","贩卖毒品罪","5485"
"9120","贩卖毒品罪","5486"
"9121","贩卖毒品罪","5487"
"9122","贩卖毒品罪","5488"
"9123","寻衅滋事罪","5488"
"9124","贩卖毒品罪","5489"
"9125","贩卖毒品罪","5490"
"9126","贩卖毒品罪","5491"
"9127","贩卖毒品罪","5492"
"9128","贩卖毒品罪","5493"
"9129","贩卖毒品罪","5494"
"9130","贩卖毒品罪","5495"
"9131","贩卖毒品罪","5496"
"9132","贩卖毒品罪","5497"
"9133","贩卖毒品罪","5498"
"9134","贩卖毒品罪","5499"
"9135","贩卖毒品罪","5500"
"9136","贩卖毒品罪","5501"
"9137","贩卖毒品罪","5502"
"9138","贩卖毒品罪","5503"
"9139","贩卖毒品罪","5504"
"9140","贩卖毒品罪","5505"
"9141","贩卖毒品罪","5506"
"9142","贩卖毒品罪","5507"
"9143","贩卖毒品罪","5508"
"9144","贩卖毒品罪","5509"
"9145","贩卖毒品罪","5510"
"9146","贩卖毒品罪","5511"
"9147","贩卖毒品罪","5512"
"9148","贩卖毒品罪","5513"
"9149","贩卖毒品罪","5514"
"9150","贩卖毒品罪","5515"
"9151","贩卖毒品罪","5516"
"9152","贩卖毒品罪","5517"
"9153","贩卖毒品罪","5518"
"9154","贩卖毒品罪","5519"
"9155","贩卖毒品罪","5520"
"9156","贩卖毒品罪","5521"
"9157","贩卖毒品罪","5522"
"9158","贩卖毒品罪","5523"
"9159","贩卖毒品罪","5524"
"9160","贩卖毒品罪","5525"
"9161","容留他人吸毒罪","5525"
"9162","贩卖毒品罪","5526"
"9163","运输毒品罪","5526"
"9164","贩卖毒品罪","5527"
"9165","贩卖毒品罪","5528"
"9166","贩卖毒品罪","5529"
"9167","贩卖毒品罪","5530"
"9168","容留他人吸毒罪","5530"
"9169","贩卖毒品罪","5531"
"9170","贩卖毒品罪","5532"
"9171","贩卖毒品罪","5533"
"9172","贩卖毒品罪","5534"
"9173","贩卖毒品罪","5535"
"9174","贩卖毒品罪","5536"
"9175","贩卖毒品罪","5537"
"9176","贩卖毒品罪","5538"
"9177","贩卖毒品罪","5539"
"9178","盗窃罪","5539"
"9179","贩卖毒品罪","5540"
"9180","容留他人吸毒罪","5540"
"9181","贩卖毒品罪","5541"
"9182","贩卖毒品罪","5542"
"9183","贩卖毒品罪","5543"
"9184","贩卖毒品罪","5544"
"9185","容留他人吸毒罪","5544"
"9186","贩卖毒品罪","5545"
"9187","贩卖毒品罪","5546"
"9188","贩卖毒品罪","5547"
"9189","贩卖毒品罪","5548"
"9190","贩卖毒品罪","5549"
"9191","贩卖毒品罪","5550"
"9192","贩卖毒品罪","5551"
"9193","贩卖毒品罪","5552"
"9194","贩卖毒品罪","5553"
"9195","贩卖毒品罪","5554"
"9196","贩卖毒品罪","5555"
"9197","贩卖毒品罪","5556"
"9198","贩卖毒品罪","5557"
"9199","贩卖毒品罪","5558"
"9200","贩卖毒品罪","5559"
"9201","贩卖毒品罪","5560"
"9202","贩卖毒品罪","5561"
"9203","贩卖毒品罪","5562"
"9204","非法拘禁罪","5562"
"9205","贩卖毒品罪","5563"
"9206","贩卖毒品罪","5564"
"9207","贩卖毒品罪","5565"
"9208","贩卖毒品罪","5566"
"9209","贩卖毒品罪","5567"
"9210","贩卖毒品罪","5568"
"9211","贩卖毒品罪","5569"
"9212","贩卖毒品罪","5570"
"9213","贩卖毒品罪","5571"
"9214","贩卖毒品罪","5572"
"9215","贩卖毒品罪","5573"
"9216","容留他人吸毒罪","5573"
"9217","贩卖毒品罪","5574"
"9218","贩卖毒品罪","5575"
"9219","贩卖毒品罪","5576"
"9220","贩卖毒品罪","5577"
"9221","贩卖毒品罪","5578"
"9222","贩卖毒品罪","5579"
"9223","贩卖毒品罪","5580"
"9224","贩卖毒品罪","5581"
"9225","贩卖毒品罪","5582"
"9226","贩卖毒品罪","5583"
"9227","贩卖毒品罪","5584"
"9228","贩卖毒品罪","5585"
"9229","容留他人吸毒罪","5585"
"9230","贩卖毒品罪","5586"
"9231","贩卖毒品罪","5587"
"9232","贩卖毒品罪","5588"
"9233","贩卖毒品罪","5589"
"9234","贩卖毒品罪","5590"
"9235","贩卖毒品罪","5591"
"9236","贩卖毒品罪","5592"
"9237","贩卖毒品罪","5593"
"9238","贩卖毒品罪","5594"
"9239","贩卖毒品罪","5595"
"9240","贩卖毒品罪","5596"
"9241","贩卖毒品罪","5597"
"9242","贩卖毒品罪","5598"
"9243","贩卖毒品罪","5599"
"9244","贩卖毒品罪","5600"
"9245","贩卖毒品罪","5601"
"9246","贩卖毒品罪","5602"
"9247","容留他人吸毒罪","5602"
"9248","贩卖毒品罪","5603"
"9249","贩卖毒品罪","5604"
"9250","运输毒品罪","5604"
"9251","贩卖毒品罪","5605"
"9252","容留他人吸毒罪","5605"
"9253","贩卖毒品罪","5606"
"9254","贩卖毒品罪","5607"
"9255","贩卖毒品罪","5608"
"9256","贩卖毒品罪","5609"
"9257","运输毒品罪","5609"
"9258","贩卖毒品罪","5610"
"9259","容留他人吸毒罪","5610"
"9260","贩卖毒品罪","5611"
"9261","贩卖毒品罪","5612"
"9262","容留他人吸毒罪","5612"
"9263","贩卖毒品罪","5613"
"9264","故意伤害罪","5613"
"9265","贩卖毒品罪","5614"
"9266","贩卖毒品罪","5615"
"9267","贩卖毒品罪","5616"
"9268","贩卖毒品罪","5617"
"9269","贩卖毒品罪","5618"
"9270","贩卖毒品罪","5619"
"9271","贩卖毒品罪","5620"
"9272","贩卖毒品罪","5621"
"9273","贩卖毒品罪","5622"
"9274","容留他人吸毒罪","5622"
"9275","贩卖毒品罪","5623"
"9276","贩卖毒品罪","5624"
"9277","贩卖毒品罪","5625"
"9278","贩卖毒品罪","5626"
"9279","贩卖毒品罪","5627"
"9280","贩卖毒品罪","5628"
"9281","贩卖毒品罪","5629"
"9282","贩卖毒品罪","5630"
"9283","容留他人吸毒罪","5630"
"9284","贩卖毒品罪","5631"
"9285","贩卖毒品罪","5632"
"9286","贩卖毒品罪","5633"
"9287","贩卖毒品罪","5634"
"9288","贩卖毒品罪","5635"
"9289","贩卖毒品罪","5636"
"9290","贩卖毒品罪","5637"
"9291","容留他人吸毒罪","5638"
"9292","贩卖毒品罪","5639"
"9293","贩卖毒品罪","5640"
"9294","贩卖毒品罪","5641"
"9295","贩卖毒品罪","5642"
"9296","贩卖毒品罪","5643"
"9297","贩卖毒品罪","5644"
"9298","贩卖毒品罪","5645"
"9299","贩卖毒品罪","5646"
"9300","贩卖毒品罪","5647"
"9301","贩卖毒品罪","5648"
"9302","贩卖毒品罪","5649"
"9303","贩卖毒品罪","5650"
"9304","贩卖毒品罪","5651"
"9305","贩卖毒品罪","5652"
"9306","贩卖毒品罪","5653"
"9307","容留他人吸毒罪","5653"
"9308","贩卖毒品罪","5654"
"9309","贩卖毒品罪","5655"
"9310","贩卖毒品罪","5656"
"9311","贩卖毒品罪","5657"
"9312","贩卖毒品罪","5658"
"9313","贩卖毒品罪","5659"
"9314","贩卖毒品罪","5660"
"9315","贩卖毒品罪","5661"
"9316","容留他人吸毒罪","5661"
"9317","贩卖毒品罪","5662"
"9318","贩卖毒品罪","5663"
"9319","贩卖毒品罪","5664"
"9320","贩卖毒品罪","5665"
"9321","贩卖毒品罪","5666"
"9322","贩卖毒品罪","5667"
"9323","贩卖毒品罪","5668"
"9324","容留他人吸毒罪","5668"
"9325","贩卖毒品罪","5669"
"9326","贩卖毒品罪","5670"
"9327","贩卖毒品罪","5671"
"9328","贩卖毒品罪","5672"
"9329","贩卖毒品罪","5673"
"9330","容留他人吸毒罪","5673"
"9331","贩卖毒品罪","5674"
"9332","贩卖毒品罪","5675"
"9333","贩卖毒品罪","5676"
"9334","贩卖毒品罪","5677"
"9335","贩卖毒品罪","5678"
"9336","贩卖毒品罪","5679"
"9337","贩卖毒品罪","5680"
"9338","贩卖毒品罪","5681"
"9339","寻衅滋事罪","5682"
"9340","开设赌场罪","5682"
"9341","贩卖毒品罪","5682"
"9342","挪用资金罪","5683"
"9343","贩卖毒品罪","5683"
"9344","贩卖毒品罪","5684"
"9345","贩卖毒品罪","5685"
"9346","容留他人吸毒罪","5685"
"9347","贩卖毒品罪","5686"
"9348","贩卖毒品罪","5687"
"9349","容留他人吸毒罪","5687"
"9350","贩卖毒品罪","5688"
"9351","贩卖毒品罪","5689"
"9352","贩卖毒品罪","5690"
"9353","贩卖毒品罪","5691"
"9354","贩卖毒品罪","5692"
"9355","贩卖毒品罪","5693"
"9356","贩卖毒品罪","5694"
"9357","贩卖毒品罪","5695"
"9358","贩卖毒品罪","5696"
"9359","贩卖毒品罪","5697"
"9360","贩卖毒品罪","5698"
"9361","贩卖毒品罪","5699"
"9362","贩卖毒品罪","5700"
"9363","贩卖毒品罪","5701"
"9364","贩卖毒品罪","5702"
"9365","贩卖毒品罪","5703"
"9366","贩卖毒品罪","5704"
"9367","贩卖毒品罪","5705"
"9368","贩卖毒品罪","5706"
"9369","贩卖毒品罪","5707"
"9370","贩卖毒品罪","5708"
"9371","贩卖毒品罪","5709"
"9372","贩卖毒品罪","5710"
"9373","贩卖毒品罪","5711"
"9374","贩卖毒品罪","5712"
"9375","贩卖毒品罪","5713"
"9376","贩卖毒品罪","5714"
"9377","贩卖毒品罪","5715"
"9378","贩卖毒品罪","5716"
"9379","贩卖毒品罪","5717"
"9380","贩卖毒品罪","5718"
"9381","贩卖毒品罪","5719"
"9382","贩卖毒品罪","5720"
"9383","贩卖毒品罪","5721"
"9384","容留他人吸毒罪","5721"
"9385","贩卖毒品罪","5722"
"9386","贩卖毒品罪","5723"
"9387","贩卖毒品罪","5724"
"9388","贩卖毒品罪","5725"
"9389","贩卖毒品罪","5726"
"9390","贩卖毒品罪","5727"
"9391","贩卖毒品罪","5728"
"9392","贩卖毒品罪","5729"
"9393","贩卖毒品罪","5730"
"9394","贩卖毒品罪","5731"
"9395","贩卖毒品罪","5732"
"9396","贩卖毒品罪","5733"
"9397","贩卖毒品罪","5734"
"9398","贩卖毒品罪","5735"
"9399","贩卖毒品罪","5736"
"9400","贩卖毒品罪","5737"
"9401","贩卖毒品罪","5738"
"9402","贩卖毒品罪","5739"
"9403","贩卖毒品罪","5740"
"9404","贩卖毒品罪","5741"
"9405","贩卖毒品罪","5742"
"9406","贩卖毒品罪","5743"
"9407","贩卖毒品罪","5744"
"9408","贩卖毒品罪","5745"
"9409","贩卖毒品罪","5746"
"9410","贩卖毒品罪","5747"
"9411","贩卖毒品罪","5748"
"9412","容留他人吸毒罪","5748"
"9413","贩卖毒品罪","5749"
"9414","贩卖毒品罪","5750"
"9415","贩卖毒品罪","5751"
"9416","贩卖毒品罪","5752"
"9417","容留他人吸毒罪","5753"
"9418","贩卖毒品罪","5754"
"9419","贩卖毒品罪","5755"
"9420","贩卖毒品罪","5756"
"9421","容留他人吸毒罪","5756"
"9422","贩卖毒品罪","5757"
"9423","容留他人吸毒罪","5757"
"9424","贩卖毒品罪","5758"
"9425","容留他人吸毒罪","5758"
"9426","贩卖毒品罪","5759"
"9427","贩卖毒品罪","5760"
"9428","贩卖毒品罪","5761"
"9429","贩卖毒品罪","5762"
"9430","贩卖毒品罪","5763"
"9431","容留他人吸毒罪","5763"
"9432","贩卖毒品罪","5764"
"9433","贩卖毒品罪","5765"
"9434","贩卖毒品罪","5766"
"9435","贩卖毒品罪","5767"
"9436","贩卖毒品罪","5768"
"9437","贩卖毒品罪","5769"
"9438","贩卖毒品罪","5770"
"9439","贩卖毒品罪","5771"
"9440","贩卖毒品罪","5772"
"9441","贩卖毒品罪","5773"
"9442","贩卖毒品罪","5774"
"9443","贩卖毒品罪","5775"
"9444","贩卖毒品罪","5776"
"9445","容留他人吸毒罪","5776"
"9446","贩卖毒品罪","5777"
"9447","贩卖毒品罪","5778"
"9448","贩卖毒品罪","5779"
"9449","贩卖毒品罪","5780"
"9450","贩卖毒品罪","5781"
"9451","贩卖毒品罪","5782"
"9452","贩卖毒品罪","5783"
"9453","贩卖毒品罪","5784"
"9454","贩卖毒品罪","5785"
"9455","贩卖毒品罪","5786"
"9456","寻衅滋事罪","5786"
"9457","贩卖毒品罪","5787"
"9458","贩卖毒品罪","5788"
"9459","容留他人吸毒罪","5788"
"9460","贩卖毒品罪","5789"
"9461","贩卖毒品罪","5790"
"9462","贩卖毒品罪","5791"
"9463","贩卖毒品罪","5792"
"9464","贩卖毒品罪","5793"
"9465","贩卖毒品罪","5794"
"9466","运输毒品罪","5794"
"9467","容留他人吸毒罪","5794"
"9468","贩卖毒品罪","5795"
"9469","贩卖毒品罪","5796"
"9470","贩卖毒品罪","5797"
"9471","贩卖毒品罪","5798"
"9472","贩卖毒品罪","5799"
"9473","贩卖毒品罪","5800"
"9474","贩卖毒品罪","5801"
"9475","贩卖毒品罪","5802"
"9476","贩卖毒品罪","5803"
"9477","贩卖毒品罪","5804"
"9478","贩卖毒品罪","5805"
"9479","贩卖毒品罪","5806"
"9480","贩卖毒品罪","5807"
"9481","贩卖毒品罪","5808"
"9482","贩卖毒品罪","5809"
"9483","贩卖毒品罪","5810"
"9484","贩卖毒品罪","5811"
"9485","贩卖毒品罪","5812"
"9486","贩卖毒品罪","5813"
"9487","贩卖毒品罪","5814"
"9488","贩卖毒品罪","5815"
"9489","贩卖毒品罪","5816"
"9490","非法持有毒品罪","5816"
"9491","贩卖毒品罪","5817"
"9492","运输毒品罪","5817"
"9493","贩卖毒品罪","5818"
"9494","贩卖毒品罪","5819"
"9495","贩卖毒品罪","5820"
"9496","贩卖毒品罪","5821"
"9497","贩卖毒品罪","5822"
"9498","贩卖毒品罪","5823"
"9499","贩卖毒品罪","5824"
"9500","贩卖毒品罪","5825"
"9501","贩卖毒品罪","5826"
"9502","贩卖毒品罪","5827"
"9503","贩卖毒品罪","5828"
"9504","贩卖毒品罪","5829"
"9505","贩卖毒品罪","5830"
"9506","贩卖毒品罪","5830"
"9507","贩卖毒品罪","5831"
"9508","运输毒品罪","5831"
"9509","贩卖毒品罪","5832"
"9510","贩卖毒品罪","5833"
"9511","贩卖毒品罪","5834"
"9512","贩卖毒品罪","5835"
"9513","贩卖毒品罪","5836"
"9514","贩卖毒品罪","5837"
"9515","贩卖毒品罪","5838"
"9516","贩卖毒品罪","5839"
"9517","容留他人吸毒罪","5840"
"9518","贩卖毒品罪","5841"
"9519","贩卖毒品罪","5842"
"9520","贩卖毒品罪","5843"
"9521","容留他人吸毒罪","5843"
"9522","贩卖毒品罪","5844"
"9523","贩卖毒品罪","5845"
"9524","贩卖毒品罪","5846"
"9525","运输毒品罪","5846"
"9526","贩卖毒品罪","5847"
"9527","运输毒品罪","5848"
"9528","贩卖毒品罪","5848"
"9529","贩卖毒品罪","5849"
"9530","容留他人吸毒罪","5849"
"9531","贩卖毒品罪","5850"
"9532","贩卖毒品罪","5851"
"9533","贩卖毒品罪","5852"
"9534","贩卖毒品罪","5853"
"9535","贩卖毒品罪","5854"
"9536","贩卖毒品罪","5855"
"9537","贩卖毒品罪","5856"
"9538","贩卖毒品罪","5857"
"9539","贩卖毒品罪","5858"
"9540","贩卖毒品罪","5859"
"9541","容留他人吸毒罪","5859"
"9542","贩卖毒品罪","5860"
"9543","贩卖毒品罪","5861"
"9544","盗窃罪","5861"
"9545","贩卖毒品罪","5862"
"9546","贩卖毒品罪","5863"
"9547","贩卖毒品罪","5864"
"9548","贩卖毒品罪","5865"
"9549","贩卖毒品罪","5866"
"9550","贩卖毒品罪","5867"
"9551","贩卖毒品罪","5868"
"9552","贩卖毒品罪","5869"
"9553","贩卖毒品罪","5870"
"9554","贩卖毒品罪","5871"
"9555","运输毒品罪","5871"
"9556","贩卖毒品罪","5872"
"9557","贩卖毒品罪","5873"
"9558","贩卖毒品罪","5874"
"9559","贩卖毒品罪","5875"
"9560","贩卖毒品罪","5876"
"9561","贩卖毒品罪","5877"
"9562","贩卖毒品罪","5878"
"9563","贩卖毒品罪","5879"
"9564","贩卖毒品罪","5880"
"9565","贩卖毒品罪","5881"
"9566","贩卖毒品罪","5882"
"9567","贩卖毒品罪","5883"
"9568","贩卖毒品罪","5884"
"9569","贩卖毒品罪","5885"
"9570","贩卖毒品罪","5886"
"9571","贩卖毒品罪","5887"
"9572","贩卖毒品罪","5888"
"9573","贩卖毒品罪","5889"
"9574","贩卖毒品罪","5890"
"9575","贩卖毒品罪","5891"
"9576","贩卖毒品罪","5892"
"9577","贩卖毒品罪","5893"
"9578","贩卖毒品罪","5894"
"9579","贩卖毒品罪","5895"
"9580","容留他人吸毒罪","5895"
"9581","贩卖毒品罪","5896"
"9582","贩卖毒品罪","5897"
"9583","贩卖毒品罪","5898"
"9584","贩卖毒品罪","5899"
"9585","贩卖毒品罪","5900"
"9586","贩卖毒品罪","5901"
"9587","贩卖毒品罪","5902"
"9588","贩卖毒品罪","5903"
"9589","贩卖毒品罪","5904"
"9590","贩卖毒品罪","5905"
"9591","贩卖毒品罪","5906"
"9592","贩卖毒品罪","5907"
"9593","贩卖毒品罪","5908"
"9594","贩卖毒品罪","5909"
"9595","贩卖毒品罪","5910"
"9596","贩卖毒品罪","5911"
"9597","贩卖毒品罪","5912"
"9598","贩卖毒品罪","5913"
"9599","运输毒品罪","5913"
"9600","贩卖毒品罪","5914"
"9601","贩卖毒品罪","5915"
"9602","贩卖毒品罪","5916"
"9603","贩卖毒品罪","5917"
"9604","贩卖毒品罪","5918"
"9605","贩卖毒品罪","5919"
"9606","贩卖毒品罪","5920"
"9607","贩卖毒品罪","5921"
"9608","贩卖毒品罪","5922"
"9609","贩卖毒品罪","5923"
"9610","贩卖毒品罪","5924"
"9611","贩卖毒品罪","5925"
"9612","贩卖毒品罪","5926"
"9613","容留他人吸毒罪","5926"
"9614","贩卖毒品罪","5927"
"9615","贩卖毒品罪","5928"
"9616","贩卖毒品罪","5929"
"9617","贩卖毒品罪","5930"
"9618","贩卖毒品罪","5931"
"9619","贩卖毒品罪","5932"
"9620","贩卖毒品罪","5933"
"9621","容留他人吸毒罪","5933"
"9622","贩卖毒品罪","5934"
"9623","运输毒品罪","5934"
"9624","贩卖毒品罪","5935"
"9625","非法持有毒品罪","5935"
"9626","贩卖毒品罪","5936"
"9627","贩卖毒品罪","5937"
"9628","贩卖毒品罪","5938"
"9629","容留他人吸毒罪","5938"
"9630","贩卖毒品罪","5939"
"9631","容留他人吸毒罪","5939"
"9632","贩卖毒品罪","5940"
"9633","贩卖毒品罪","5941"
"9634","贩卖毒品罪","5942"
"9635","贩卖毒品罪","5943"
"9636","贩卖毒品罪","5944"
"9637","贩卖毒品罪","5945"
"9638","运输毒品罪","5945"
"9639","贩卖毒品罪","5946"
"9640","贩卖毒品罪","5947"
"9641","运输毒品罪","5947"
"9642","贩卖毒品罪","5948"
"9643","贩卖毒品罪","5949"
"9644","贩卖毒品罪","5950"
"9645","运输毒品罪","5951"
"9646","贩卖毒品罪","5952"
"9647","贩卖毒品罪","5953"
"9648","贩卖毒品罪","5954"
"9649","贩卖毒品罪","5955"
"9650","贩卖毒品罪","5956"
"9651","贩卖毒品罪","5957"
"9652","贩卖毒品罪","5958"
"9653","贩卖毒品罪","5959"
"9654","贩卖毒品罪","5960"
"9655","贩卖毒品罪","5961"
"9656","贩卖毒品罪","5962"
"9657","非法持有枪支罪","5962"
"9658","贩卖毒品罪","5963"
"9659","贩卖毒品罪","5964"
"9660","贩卖毒品罪","5965"
"9661","贩卖毒品罪","5966"
"9662","贩卖毒品罪","5967"
"9663","容留他人吸毒罪","5967"
"9664","贩卖毒品罪","5968"
"9665","贩卖毒品罪","5969"
"9666","贩卖毒品罪","5970"
"9667","贩卖毒品罪","5971"
"9668","贩卖毒品罪","5972"
"9669","贩卖毒品罪","5973"
"9670","贩卖毒品罪","5974"
"9671","贩卖毒品罪","5975"
"9672","贩卖毒品罪","5976"
"9673","贩卖毒品罪","5977"
"9674","贩卖毒品罪","5978"
"9675","贩卖毒品罪","5979"
"9676","贩卖毒品罪","5980"
"9677","贩卖毒品罪","5981"
"9678","运输毒品罪","5981"
"9679","贩卖毒品罪","5982"
"9680","盗窃罪","5982"
"9681","贩卖毒品罪","5983"
"9682","贩卖毒品罪","5984"
"9683","贩卖毒品罪","5985"
"9684","贩卖毒品罪","5986"
"9685","贩卖毒品罪","5987"
"9686","运输毒品罪","5987"
"9687","容留他人吸毒罪","5987"
"9688","贩卖毒品罪","5988"
"9689","运输毒品罪","5988"
"9690","贩卖毒品罪","5989"
"9691","贩卖毒品罪","5990"
"9692","容留他人吸毒罪","5991"
"9693","容留他人吸毒罪","5992"
"9694","贩卖毒品罪","5993"
"9695","贩卖毒品罪","5994"
"9696","贩卖毒品罪","5995"
"9697","贩卖毒品罪","5996"
"9698","贩卖毒品罪","5997"
"9699","贩卖毒品罪","5998"
"9700","贩卖毒品罪","5999"
"9701","贩卖毒品罪","6000"
"9702","贩卖毒品罪","6001"
"9703","贩卖毒品罪","6002"
"9704","贩卖毒品罪","6003"
"9705","贩卖毒品罪","6004"
"9706","贩卖毒品罪","6005"
"9707","贩卖毒品罪","6006"
"9708","贩卖毒品罪","6007"
"9709","贩卖毒品罪","6008"
"9710","贩卖毒品罪","6009"
"9711","贩卖毒品罪","6010"
"9712","贩卖毒品罪","6011"
"9713","贩卖毒品罪","6012"
"9714","贩卖毒品罪","6013"
"9715","贩卖毒品罪","6014"
"9716","贩卖毒品罪","6015"
"9717","贩卖毒品罪","6016"
"9718","贩卖毒品罪","6017"
"9719","贩卖毒品罪","6018"
"9720","贩卖毒品罪","6019"
"9721","贩卖毒品罪","6020"
"9722","贩卖毒品罪","6021"
"9723","贩卖毒品罪","6022"
"9724","贩卖毒品罪","6023"
"9725","贩卖毒品罪","6024"
"9726","贩卖毒品罪","6025"
"9727","贩卖毒品罪","6026"
"9728","盗窃罪","6026"
"9729","贩卖毒品罪","6027"
"9730","容留他人吸毒罪","6027"
"9731","贩卖毒品罪","6028"
"9732","贩卖毒品罪","6029"
"9733","贩卖毒品罪","6030"
"9734","贩卖毒品罪","6031"
"9735","贩卖毒品罪","6032"
"9736","贩卖毒品罪","6033"
"9737","贩卖毒品罪","6034"
"9738","贩卖毒品罪","6035"
"9739","贩卖毒品罪","6036"
"9740","贩卖毒品罪","6037"
"9741","贩卖毒品罪","6038"
"9742","非法持有枪支罪","6038"
"9743","贩卖毒品罪","6039"
"9744","贩卖毒品罪","6040"
"9745","贩卖毒品罪","6041"
"9746","贩卖毒品罪","6042"
"9747","贩卖毒品罪","6043"
"9748","容留他人吸毒罪","6043"
"9749","贩卖毒品罪","6044"
"9750","贩卖毒品罪","6045"
"9751","贩卖毒品罪","6046"
"9752","贩卖毒品罪","6047"
"9753","贩卖毒品罪","6048"
"9754","贩卖毒品罪","6049"
"9755","贩卖毒品罪","6050"
"9756","贩卖毒品罪","6051"
"9757","贩卖毒品罪","6052"
"9758","贩卖毒品罪","6053"
"9759","贩卖毒品罪","6054"
"9760","贩卖毒品罪","6055"
"9761","贩卖毒品罪","6056"
"9762","贩卖毒品罪","6057"
"9763","贩卖毒品罪","6058"
"9764","贩卖毒品罪","6059"
"9765","贩卖毒品罪","6060"
"9766","贩卖毒品罪","6061"
"9767","贩卖毒品罪","6062"
"9768","贩卖毒品罪","6063"
"9769","贩卖毒品罪","6064"
"9770","贩卖毒品罪","6065"
"9771","运输毒品罪","6065"
"9772","非法持有毒品罪","6066"
"9773","贩卖毒品罪","6067"
"9774","贩卖毒品罪","6068"
"9775","贩卖毒品罪","6069"
"9776","贩卖毒品罪","6070"
"9777","贩卖毒品罪","6071"
"9778","贩卖毒品罪","6072"
"9779","贩卖毒品罪","6073"
"9780","聚众斗殴罪","6074"
"9781","贩卖毒品罪","6074"
"9782","贩卖毒品罪","6075"
"9783","贩卖毒品罪","6076"
"9784","贩卖毒品罪","6077"
"9785","贩卖毒品罪","6078"
"9786","非法持有毒品罪","6079"
"9787","贩卖毒品罪","6079"
"9788","贩卖毒品罪","6080"
"9789","贩卖毒品罪","6081"
"9790","贩卖毒品罪","6082"
"9791","贩卖毒品罪","6083"
"9792","贩卖毒品罪","6084"
"9793","贩卖毒品罪","6085"
"9794","贩卖毒品罪","6086"
"9795","贩卖毒品罪","6087"
"9796","贩卖毒品罪","6088"
"9797","贩卖毒品罪","6089"
"9798","贩卖毒品罪","6090"
"9799","贩卖毒品罪","6091"
"9800","贩卖毒品罪","6092"
"9801","贩卖毒品罪","6093"
"9802","贩卖毒品罪","6094"
"9803","贩卖毒品罪","6095"
"9804","贩卖毒品罪","6096"
"9805","贩卖毒品罪","6097"
"9806","贩卖毒品罪","6098"
"9807","贩卖毒品罪","6099"
"9808","贩卖毒品罪","6100"
"9809","贩卖毒品罪","6101"
"9810","贩卖毒品罪","6101"
"9811","贩卖毒品罪","6102"
"9812","贩卖毒品罪","6103"
"9813","贩卖毒品罪","6104"
"9814","贩卖毒品罪","6105"
"9815","贩卖毒品罪","6106"
"9816","贩卖毒品罪","6107"
"9817","贩卖毒品罪","6108"
"9818","贩卖毒品罪","6109"
"9819","贩卖毒品罪","6110"
"9820","贩卖毒品罪","6111"
"9821","贩卖毒品罪","6112"
"9822","贩卖毒品罪","6113"
"9823","贩卖毒品罪","6114"
"9824","贩卖毒品罪","6115"
"9825","贩卖毒品罪","6116"
"9826","贩卖毒品罪","6117"
"9827","贩卖毒品罪","6118"
"9828","贩卖毒品罪","6119"
"9829","容留他人吸毒罪","6120"
"9830","贩卖毒品罪","6121"
"9831","贩卖毒品罪","6122"
"9832","贩卖毒品罪","6123"
"9833","贩卖毒品罪","6124"
"9834","贩卖毒品罪","6125"
"9835","贩卖毒品罪","6126"
"9836","贩卖毒品罪","6127"
"9837","贩卖毒品罪","6128"
"9838","贩卖毒品罪","6129"
"9839","贩卖毒品罪","6130"
"9840","贩卖毒品罪","6131"
"9841","转移毒品罪","6131"
"9842","贩卖毒品罪","6132"
"9843","贩卖毒品罪","6133"
"9844","贩卖毒品罪","6134"
"9845","贩卖毒品罪","6135"
"9846","贩卖毒品罪","6136"
"9847","贩卖毒品罪","6137"
"9848","贩卖毒品罪","6138"
"9849","贩卖毒品罪","6139"
"9850","贩卖毒品罪","6140"
"9851","贩卖毒品罪","6141"
"9852","贩卖毒品罪","6142"
"9853","贩卖毒品罪","6143"
"9854","贩卖毒品罪","6144"
"9855","贩卖毒品罪","6145"
"9856","贩卖毒品罪","6146"
"9857","贩卖毒品罪","6147"
"9858","非法持有枪支罪","6147"
"9859","贩卖毒品罪","6148"
"9860","贩卖毒品罪","6149"
"9861","贩卖毒品罪","6150"
"9862","贩卖毒品罪","6151"
"9863","贩卖毒品罪","6152"
"9864","贩卖毒品罪","6153"
"9865","贩卖毒品罪","6154"
"9866","贩卖毒品罪","6155"
"9867","贩卖毒品罪","6156"
"9868","贩卖毒品罪","6157"
"9869","贩卖毒品罪","6158"
"9870","贩卖毒品罪","6159"
"9871","贩卖毒品罪","6160"
"9872","贩卖毒品罪","6161"
"9873","贩卖毒品罪","6162"
"9874","贩卖毒品罪","6163"
"9875","贩卖毒品罪","6164"
"9876","贩卖毒品罪","6165"
"9877","贩卖毒品罪","6166"
"9878","贩卖毒品罪","6167"
"9879","贩卖毒品罪","6168"
"9880","贩卖毒品罪","6169"
"9881","贩卖毒品罪","6170"
"9882","贩卖毒品罪","6171"
"9883","贩卖毒品罪","6172"
"9884","贩卖毒品罪","6173"
"9885","贩卖毒品罪","6174"
"9886","贩卖毒品罪","6175"
"9887","贩卖毒品罪","6176"
"9888","贩卖毒品罪","6177"
"9889","贩卖毒品罪","6178"
"9890","贩卖毒品罪","6179"
"9891","容留他人吸毒罪","6179"
"9892","贩卖毒品罪","6180"
"9893","贩卖毒品罪","6181"
"9894","贩卖毒品罪","6182"
"9895","容留他人吸毒罪","6182"
"9896","贩卖毒品罪","6183"
"9897","贩卖毒品罪","6184"
"9898","贩卖毒品罪","6185"
"9899","贩卖毒品罪","6186"
"9900","贩卖毒品罪","6187"
"9901","贩卖毒品罪","6188"
"9902","容留他人吸毒罪","6188"
"9903","贩卖毒品罪","6189"
"9904","贩卖毒品罪","6190"
"9905","贩卖毒品罪","6191"
"9906","贩卖毒品罪","6192"
"9907","贩卖毒品罪","6193"
"9908","贩卖毒品罪","6194"
"9909","贩卖毒品罪","6195"
"9910","贩卖毒品罪","6196"
"9911","非法制造枪支罪","6196"
"9912","贩卖毒品罪","6197"
"9913","贩卖毒品罪","6198"
"9914","贩卖毒品罪","6199"
"9915","贩卖毒品罪","6200"
"9916","贩卖毒品罪","6201"
"9917","贩卖毒品罪","6202"
"9918","贩卖毒品罪","6203"
"9919","贩卖毒品罪","6204"
"9920","贩卖毒品罪","6205"
"9921","贩卖毒品罪","6206"
"9922","贩卖毒品罪","6207"
"9923","贩卖毒品罪","6208"
"9924","容留他人吸毒罪","6208"
"9925","贩卖毒品罪","6209"
"9926","贩卖毒品罪","6210"
"9927","非法持有毒品罪","6211"
"9928","贩卖毒品罪","6212"
"9929","贩卖毒品罪","6213"
"9930","贩卖毒品罪","6214"
"9931","贩卖毒品罪","6215"
"9932","贩卖毒品罪","6216"
"9933","贩卖毒品罪","6217"
"9934","贩卖毒品罪","6218"
"9935","贩卖毒品罪","6219"
"9936","运输毒品罪","6219"
"9937","贩卖毒品罪","6220"
"9938","贩卖毒品罪","6221"
"9939","贩卖毒品罪","6222"
"9940","贩卖毒品罪","6223"
"9941","贩卖毒品罪","6224"
"9942","贩卖毒品罪","6225"
"9943","贩卖毒品罪","6226"
"9944","容留他人吸毒罪","6226"
"9945","贩卖毒品罪","6227"
"9946","贩卖毒品罪","6228"
"9947","容留他人吸毒罪","6228"
"9948","贩卖毒品罪","6229"
"9949","贩卖毒品罪","6230"
"9950","贩卖毒品罪","6231"
"9951","贩卖毒品罪","6232"
"9952","容留他人吸毒罪","6232"
"9953","贩卖毒品罪","6233"
"9954","贩卖毒品罪","6234"
"9955","贩卖毒品罪","6235"
"9956","贩卖毒品罪","6236"
"9957","贩卖毒品罪","6237"
"9958","容留他人吸毒罪","6238"
"9959","贩卖毒品罪","6239"
"9960","贩卖毒品罪","6240"
"9961","贩卖毒品罪","6241"
"9962","运输毒品罪","6241"
"9963","贩卖毒品罪","6242"
"9964","贩卖毒品罪","6243"
"9965","贩卖毒品罪","6244"
"9966","贩卖毒品罪","6245"
"9967","贩卖毒品罪","6246"
"9968","贩卖毒品罪","6247"
"9969","容留他人吸毒罪","6247"
"9970","贩卖毒品罪","6248"
"9971","贩卖毒品罪","6249"
"9972","非法持有毒品罪","6250"
"9973","贩卖毒品罪","6251"
"9974","贩卖毒品罪","6252"
"9975","贩卖毒品罪","6253"
"9976","贩卖毒品罪","6254"
"9977","运输毒品罪","6254"
"9978","贩卖毒品罪","6255"
"9979","贩卖毒品罪","6256"
"9980","贩卖毒品罪","6257"
"9981","贩卖毒品罪","6258"
"9982","贩卖毒品罪","6259"
"9983","贩卖毒品罪","6260"
"9984","贩卖毒品罪","6261"
"9985","贩卖毒品罪","6262"
"9986","非法持有毒品罪","6263"
"9987","贩卖毒品罪","6264"
"9988","贩卖毒品罪","6265"
"9989","贩卖毒品罪","6266"
"9990","贩卖毒品罪","6267"
"9991","贩卖毒品罪","6268"
"9992","贩卖毒品罪","6269"
"9993","容留他人吸毒罪","6270"
"9994","贩卖毒品罪","6271"
"9995","贩卖毒品罪","6272"
"9996","贩卖毒品罪","6273"
"9997","贩卖毒品罪","6274"
"9998","贩卖毒品罪","6275"
"9999","贩卖毒品罪","6276"
"10000","贩卖毒品罪","6277"
"10001","贩卖毒品罪","6278"
"10002","贩卖毒品罪","6279"
"10003","贩卖毒品罪","6280"
"10004","贩卖毒品罪","6281"
"10005","贩卖毒品罪","6282"
"10006","贩卖毒品罪","6283"
"10007","贩卖毒品罪","6284"
"10008","贩卖毒品罪","6285"
"10009","贩卖毒品罪","6286"
"10010","贩卖毒品罪","6287"
"10011","贩卖毒品罪","6288"
"10012","贩卖毒品罪","6289"
"10013","贩卖毒品罪","6290"
"10014","贩卖毒品罪","6291"
"10015","贩卖毒品罪","6292"
"10016","贩卖毒品罪","6293"
"10017","贩卖毒品罪","6294"
"10018","非法持有毒品罪","6295"
"10019","容留他人吸毒罪","6296"
"10020","贩卖毒品罪","6297"
"10021","贩卖毒品罪","6298"
"10022","贩卖毒品罪","6299"
"10023","贩卖毒品罪","6300"
"10024","容留他人吸毒罪","6301"
"10025","贩卖毒品罪","6302"
"10026","贩卖毒品罪","6303"
"10027","贩卖毒品罪","6304"
"10028","贩卖毒品罪","6305"
"10029","贩卖毒品罪","6306"
"10030","贩卖毒品罪","6307"
"10031","贩卖毒品罪","6308"
"10032","贩卖毒品罪","6309"
"10033","贩卖毒品罪","6310"
"10034","贩卖毒品罪","6311"
"10035","贩卖毒品罪","6312"
"10036","贩卖毒品罪","6313"
"10037","贩卖毒品罪","6314"
"10038","贩卖毒品罪","6315"
"10039","贩卖毒品罪","6316"
"10040","贩卖毒品罪","6317"
"10041","贩卖毒品罪","6318"
"10042","贩卖毒品罪","6319"
"10043","贩卖毒品罪","6320"
"10044","贩卖毒品罪","6321"
"10045","非法持有毒品罪","6322"
"10046","贩卖毒品罪","6323"
"10047","贩卖毒品罪","6324"
"10048","贩卖毒品罪","6325"
"10049","贩卖毒品罪","6326"
"10050","贩卖毒品罪","6327"
"10051","贩卖毒品罪","6328"
"10052","贩卖毒品罪","6329"
"10053","贩卖毒品罪","6330"
"10054","容留他人吸毒罪","6331"
"10055","贩卖毒品罪","6332"
"10056","贩卖毒品罪","6333"
"10057","贩卖毒品罪","6334"
"10058","贩卖毒品罪","6335"
"10059","贩卖毒品罪","6336"
"10060","贩卖毒品罪","6337"
"10061","贩卖毒品罪","6338"
"10062","贩卖毒品罪","6339"
"10063","贩卖毒品罪","6340"
"10064","容留他人吸毒罪","6341"
"10065","贩卖毒品罪","6342"
"10066","容留他人吸毒罪","6342"
"10067","贩卖毒品罪","6343"
"10068","贩卖毒品罪","6344"
"10069","贩卖毒品罪","6345"
"10070","贩卖毒品罪","6346"
"10071","贩卖毒品罪","6347"
"10072","贩卖毒品罪","6348"
"10073","贩卖毒品罪","6349"
"10074","贩卖毒品罪","6350"
"10075","贩卖毒品罪","6351"
"10076","贩卖毒品罪","6352"
"10077","贩卖毒品罪","6353"
"10078","贩卖毒品罪","6354"
"10079","贩卖毒品罪","6355"
"10080","贩卖毒品罪","6356"
"10081","贩卖毒品罪","6357"
"10082","容留他人吸毒罪","6357"
"10083","贩卖毒品罪","6358"
"10084","容留他人吸毒罪","6358"
"10085","贩卖毒品罪","6359"
"10086","贩卖毒品罪","6360"
"10087","贩卖毒品罪","6361"
"10088","贩卖毒品罪","6362"
"10089","贩卖毒品罪","6363"
"10090","贩卖毒品罪","6364"
"10091","贩卖毒品罪","6365"
"10092","贩卖毒品罪","6366"
"10093","贩卖毒品罪","6367"
"10094","贩卖毒品罪","6368"
"10095","贩卖毒品罪","6369"
"10096","贩卖毒品罪","6370"
"10097","贩卖毒品罪","6371"
"10098","贩卖毒品罪","6372"
"10099","贩卖毒品罪","6373"
"10100","贩卖毒品罪","6374"
"10101","贩卖毒品罪","6375"
"10102","贩卖毒品罪","6376"
"10103","贩卖毒品罪","6377"
"10104","贩卖毒品罪","6378"
"10105","贩卖毒品罪","6379"
"10106","贩卖毒品罪","6380"
"10107","贩卖毒品罪","6381"
"10108","贩卖毒品罪","6382"
"10109","贩卖毒品罪","6383"
"10110","运输毒品罪","6383"
"10111","贩卖毒品罪","6384"
"10112","贩卖毒品罪","6385"
"10113","贩卖毒品罪","6386"
"10114","贩卖毒品罪","6387"
"10115","贩卖毒品罪","6388"
"10116","贩卖毒品罪","6389"
"10117","贩卖毒品罪","6390"
"10118","贩卖毒品罪","6391"
"10119","贩卖毒品罪","6392"
"10120","贩卖毒品罪","6393"
"10121","贩卖毒品罪","6394"
"10122","容留他人吸毒罪","6395"
"10123","贩卖毒品罪","6396"
"10124","贩卖毒品罪","6397"
"10125","贩卖毒品罪","6398"
"10126","贩卖毒品罪","6399"
"10127","贩卖毒品罪","6400"
"10128","贩卖毒品罪","6401"
"10129","贩卖毒品罪","6402"
"10130","贩卖毒品罪","6403"
"10131","贩卖毒品罪","6404"
"10132","容留他人吸毒罪","6404"
"10133","贩卖毒品罪","6405"
"10134","贩卖毒品罪","6406"
"10135","贩卖毒品罪","6407"
"10136","贩卖毒品罪","6408"
"10137","贩卖毒品罪","6409"
"10138","贩卖毒品罪","6410"
"10139","贩卖毒品罪","6411"
"10140","贩卖毒品罪","6412"
"10141","运输毒品罪","6412"
"10142","贩卖毒品罪","6413"
"10143","贩卖毒品罪","6414"
"10144","容留他人吸毒罪","6414"
"10145","贩卖毒品罪","6415"
"10146","贩卖毒品罪","6416"
"10147","容留他人吸毒罪","6416"
"10148","贩卖毒品罪","6417"
"10149","容留他人吸毒罪","6417"
"10150","贩卖毒品罪","6418"
"10151","贩卖毒品罪","6419"
"10152","贩卖毒品罪","6420"
"10153","贩卖毒品罪","6421"
"10154","贩卖毒品罪","6422"
"10155","贩卖毒品罪","6423"
"10156","贩卖毒品罪","6424"
"10157","贩卖毒品罪","6425"
"10158","贩卖毒品罪","6426"
"10159","贩卖毒品罪","6427"
"10160","贩卖毒品罪","6428"
"10161","贩卖毒品罪","6429"
"10162","贩卖毒品罪","6430"
"10163","容留他人吸毒罪","6430"
"10164","贩卖毒品罪","6431"
"10165","贩卖毒品罪","6432"
"10166","贩卖毒品罪","6433"
"10167","贩卖毒品罪","6434"
"10168","容留他人吸毒罪","6434"
"10169","贩卖毒品罪","6435"
"10170","贩卖毒品罪","6436"
"10171","贩卖毒品罪","6437"
"10172","非法持有毒品罪","6437"
"10173","贩卖毒品罪","6438"
"10174","贩卖毒品罪","6439"
"10175","贩卖毒品罪","6440"
"10176","贩卖毒品罪","6440"
"10177","贩卖毒品罪","6441"
"10178","贩卖毒品罪","6442"
"10179","贩卖毒品罪","6443"
"10180","贩卖毒品罪","6444"
"10181","贩卖毒品罪","6445"
"10182","贩卖毒品罪","6446"
"10183","贩卖毒品罪","6447"
"10184","贩卖毒品罪","6448"
"10185","贩卖毒品罪","6449"
"10186","贩卖毒品罪","6450"
"10187","贩卖毒品罪","6451"
"10188","贩卖毒品罪","6452"
"10189","贩卖毒品罪","6453"
"10190","贩卖毒品罪","6454"
"10191","贩卖毒品罪","6455"
"10192","贩卖毒品罪","6456"
"10193","贩卖毒品罪","6457"
"10194","贩卖毒品罪","6458"
"10195","贩卖毒品罪","6459"
"10196","贩卖毒品罪","6460"
"10197","贩卖毒品罪","6461"
"10198","贩卖毒品罪","6462"
"10199","贩卖毒品罪","6463"
"10200","贩卖毒品罪","6464"
"10201","贩卖毒品罪","6465"
"10202","贩卖毒品罪","6466"
"10203","贩卖毒品罪","6467"
"10204","贩卖毒品罪","6468"
"10205","贩卖毒品罪","6469"
"10206","贩卖毒品罪","6470"
"10207","贩卖毒品罪","6471"
"10208","贩卖毒品罪","6472"
"10209","贩卖毒品罪","6473"
"10210","贩卖毒品罪","6474"
"10211","贩卖毒品罪","6475"
"10212","贩卖毒品罪","6476"
"10213","贩卖毒品罪","6477"
"10214","贩卖毒品罪","6478"
"10215","贩卖毒品罪","6479"
"10216","贩卖毒品罪","6480"
"10217","贩卖毒品罪","6481"
"10218","贩卖毒品罪","6482"
"10219","贩卖毒品罪","6483"
"10220","贩卖毒品罪","6484"
"10221","贩卖毒品罪","6485"
"10222","贩卖毒品罪","6486"
"10223","贩卖毒品罪","6487"
"10224","贩卖毒品罪","6488"
"10225","贩卖毒品罪","6489"
"10226","贩卖毒品罪","6490"
"10227","贩卖毒品罪","6491"
"10228","贩卖毒品罪","6492"
"10229","贩卖毒品罪","6493"
"10230","贩卖毒品罪","6494"
"10231","贩卖毒品罪","6495"
"10232","非法持有毒品罪","6496"
"10233","贩卖毒品罪","6497"
"10234","贩卖毒品罪","6498"
"10235","贩卖毒品罪","6499"
"10236","贩卖毒品罪","6500"
"10237","非法持有毒品罪","6501"
"10238","贩卖毒品罪","6501"
"10239","贩卖毒品罪","6502"
"10240","贩卖毒品罪","6503"
"10241","贩卖毒品罪","6504"
"10242","贩卖毒品罪","6505"
"10243","贩卖毒品罪","6506"
"10244","贩卖毒品罪","6507"
"10245","贩卖毒品罪","6508"
"10246","贩卖毒品罪","6509"
"10247","贩卖毒品罪","6510"
"10248","贩卖毒品罪","6511"
"10249","贩卖毒品罪","6512"
"10250","贩卖毒品罪","6513"
"10251","运输毒品罪","6513"
"10252","贩卖毒品罪","6514"
"10253","贩卖毒品罪","6515"
"10254","贩卖毒品罪","6516"
"10255","贩卖毒品罪","6517"
"10256","贩卖毒品罪","6518"
"10257","贩卖毒品罪","6519"
"10258","贩卖毒品罪","6520"
"10259","贩卖毒品罪","6521"
"10260","非法持有毒品罪","6522"
"10261","贩卖毒品罪","6523"
"10262","容留他人吸毒罪","6523"
"10263","贩卖毒品罪","6524"
"10264","贩卖毒品罪","6525"
"10265","贩卖毒品罪","6526"
"10266","贩卖毒品罪","6527"
"10267","贩卖毒品罪","6528"
"10268","贩卖毒品罪","6529"
"10269","贩卖毒品罪","6530"
"10270","贩卖毒品罪","6531"
"10271","贩卖毒品罪","6532"
"10272","贩卖毒品罪","6533"
"10273","贩卖毒品罪","6534"
"10274","贩卖毒品罪","6535"
"10275","贩卖毒品罪","6536"
"10276","贩卖毒品罪","6537"
"10277","贩卖毒品罪","6538"
"10278","贩卖毒品罪","6539"
"10279","贩卖毒品罪","6540"
"10280","贩卖毒品罪","6541"
"10281","容留他人吸毒罪","6541"
"10282","贩卖毒品罪","6542"
"10283","贩卖毒品罪","6543"
"10284","贩卖毒品罪","6544"
"10285","贩卖毒品罪","6545"
"10286","贩卖毒品罪","6546"
"10287","盗窃罪","6546"
"10288","贩卖毒品罪","6547"
"10289","贩卖毒品罪","6548"
"10290","贩卖毒品罪","6549"
"10291","贩卖毒品罪","6550"
"10292","贩卖毒品罪","6551"
"10293","贩卖毒品罪","6552"
"10294","贩卖毒品罪","6553"
"10295","贩卖毒品罪","6554"
"10296","贩卖毒品罪","6555"
"10297","贩卖毒品罪","6556"
"10298","贩卖毒品罪","6557"
"10299","贩卖毒品罪","6558"
"10300","贩卖毒品罪","6559"
"10301","盗窃罪","6559"
"10302","贩卖毒品罪","6560"
"10303","贩卖毒品罪","6561"
"10304","贩卖毒品罪","6562"
"10305","贩卖毒品罪","6563"
"10306","贩卖毒品罪","6564"
"10307","贩卖毒品罪","6565"
"10308","贩卖毒品罪","6566"
"10309","贩卖毒品罪","6567"
"10310","贩卖毒品罪","6568"
"10311","贩卖毒品罪","6569"
"10312","贩卖毒品罪","6570"
"10313","贩卖毒品罪","6571"
"10314","贩卖毒品罪","6572"
"10315","贩卖毒品罪","6573"
"10316","贩卖毒品罪","6574"
"10317","贩卖毒品罪","6575"
"10318","贩卖毒品罪","6576"
"10319","贩卖毒品罪","6577"
"10320","贩卖毒品罪","6578"
"10321","贩卖毒品罪","6579"
"10322","贩卖毒品罪","6580"
"10323","贩卖毒品罪","6581"
"10324","贩卖毒品罪","6582"
"10325","贩卖毒品罪","6583"
"10326","贩卖毒品罪","6584"
"10327","贩卖毒品罪","6585"
"10328","贩卖毒品罪","6586"
"10329","贩卖毒品罪","6587"
"10330","贩卖毒品罪","6588"
"10331","贩卖毒品罪","6589"
"10332","故意伤害罪","6589"
"10333","贩卖毒品罪","6590"
"10334","贩卖毒品罪","6591"
"10335","贩卖毒品罪","6592"
"10336","贩卖毒品罪","6593"
"10337","盗窃罪","6593"
"10338","贩卖毒品罪","6594"
"10339","运输毒品罪","6595"
"10340","贩卖毒品罪","6596"
"10341","贩卖毒品罪","6597"
"10342","贩卖毒品罪","6598"
"10343","贩卖毒品罪","6599"
"10344","贩卖毒品罪","6600"
"10345","贩卖毒品罪","6601"
"10346","贩卖毒品罪","6602"
"10347","贩卖毒品罪","6603"
"10348","贩卖毒品罪","6604"
"10349","贩卖毒品罪","6604"
"10350","贩卖毒品罪","6605"
"10351","贩卖毒品罪","6606"
"10352","贩卖毒品罪","6607"
"10353","贩卖毒品罪","6608"
"10354","贩卖毒品罪","6609"
"10355","贩卖毒品罪","6610"
"10356","贩卖毒品罪","6611"
"10357","贩卖毒品罪","6612"
"10358","贩卖毒品罪","6613"
"10359","贩卖毒品罪","6614"
"10360","贩卖毒品罪","6615"
"10361","贩卖毒品罪","6616"
"10362","贩卖毒品罪","6617"
"10363","运输毒品罪","6617"
"10364","贩卖毒品罪","6618"
"10365","贩卖毒品罪","6619"
"10366","贩卖毒品罪","6620"
"10367","贩卖毒品罪","6621"
"10368","贩卖毒品罪","6622"
"10369","贩卖毒品罪","6623"
"10370","贩卖毒品罪","6624"
"10371","贩卖毒品罪","6625"
"10372","贩卖毒品罪","6626"
"10373","贩卖毒品罪","6627"
"10374","贩卖毒品罪","6628"
"10375","贩卖毒品罪","6629"
"10376","贩卖毒品罪","6630"
"10377","贩卖毒品罪","6631"
"10378","贩卖毒品罪","6632"
"10379","贩卖毒品罪","6633"
"10380","贩卖毒品罪","6634"
"10381","贩卖毒品罪","6635"
"10382","贩卖毒品罪","6636"
"10383","贩卖毒品罪","6637"
"10384","贩卖毒品罪","6638"
"10385","贩卖毒品罪","6639"
"10386","贩卖毒品罪","6640"
"10387","贩卖毒品罪","6641"
"10388","贩卖毒品罪","6642"
"10389","贩卖毒品罪","6642"
"10390","非法持有毒品罪","6643"
"10391","贩卖毒品罪","6644"
"10392","贩卖毒品罪","6645"
"10393","贩卖毒品罪","6646"
"10394","贩卖毒品罪","6647"
"10395","贩卖毒品罪","6648"
"10396","贩卖毒品罪","6649"
"10397","贩卖毒品罪","6650"
"10398","贩卖毒品罪","6651"
"10399","贩卖毒品罪","6652"
"10400","贩卖毒品罪","6653"
"10401","贩卖毒品罪","6654"
"10402","贩卖毒品罪","6654"
"10403","贩卖毒品罪","6655"
"10404","贩卖毒品罪","6656"
"10405","贩卖毒品罪","6657"
"10406","贩卖毒品罪","6658"
"10407","贩卖毒品罪","6659"
"10408","贩卖毒品罪","6660"
"10409","贩卖毒品罪","6661"
"10410","运输毒品罪","6661"
"10411","贩卖毒品罪","6662"
"10412","贩卖毒品罪","6663"
"10413","运输毒品罪","6663"
"10414","运输毒品罪","6664"
"10415","贩卖毒品罪","6665"
"10416","贩卖毒品罪","6666"
"10417","贩卖毒品罪","6667"
"10418","贩卖毒品罪","6668"
"10419","贩卖毒品罪","6669"
"10420","贩卖毒品罪","6670"
"10421","容留他人吸毒罪","6670"
"10422","贩卖毒品罪","6671"
"10423","贩卖毒品罪","6672"
"10424","容留他人吸毒罪","6672"
"10425","贩卖毒品罪","6673"
"10426","容留他人吸毒罪","6673"
"10427","贩卖毒品罪","6674"
"10428","贩卖毒品罪","6675"
"10429","贩卖毒品罪","6676"
"10430","贩卖毒品罪","6677"
"10431","贩卖毒品罪","6678"
"10432","贩卖毒品罪","6679"
"10433","贩卖毒品罪","6680"
"10434","贩卖毒品罪","6681"
"10435","贩卖毒品罪","6682"
"10436","容留他人吸毒罪","6682"
"10437","容留他人吸毒罪","6683"
"10438","贩卖毒品罪","6683"
"10439","贩卖毒品罪","6684"
"10440","贩卖毒品罪","6685"
"10441","贩卖毒品罪","6686"
"10442","贩卖毒品罪","6687"
"10443","运输毒品罪","6688"
"10444","贩卖毒品罪","6688"
"10445","贩卖毒品罪","6689"
"10446","贩卖毒品罪","6690"
"10447","贩卖毒品罪","6691"
"10448","贩卖毒品罪","6692"
"10449","贩卖毒品罪","6693"
"10450","容留他人吸毒罪","6693"
"10451","贩卖毒品罪","6694"
"10452","贩卖毒品罪","6695"
"10453","贩卖毒品罪","6696"
"10454","贩卖毒品罪","6697"
"10455","贩卖毒品罪","6698"
"10456","贩卖毒品罪","6699"
"10457","贩卖毒品罪","6700"
"10458","贩卖毒品罪","6701"
"10459","运输毒品罪","6702"
"10460","贩卖毒品罪","6703"
"10461","贩卖毒品罪","6704"
"10462","贩卖毒品罪","6705"
"10463","贩卖毒品罪","6706"
"10464","贩卖毒品罪","6707"
"10465","贩卖毒品罪","6708"
"10466","贩卖毒品罪","6709"
"10467","贩卖毒品罪","6710"
"10468","贩卖毒品罪","6711"
"10469","贩卖毒品罪","6712"
"10470","贩卖毒品罪","6713"
"10471","贩卖毒品罪","6714"
"10472","盗窃罪","6715"
"10473","贩卖毒品罪","6715"
"10474","贩卖毒品罪","6716"
"10475","贩卖毒品罪","6717"
"10476","贩卖毒品罪","6718"
"10477","贩卖毒品罪","6719"
"10478","贩卖毒品罪","6720"
"10479","贩卖毒品罪","6721"
"10480","贩卖毒品罪","6722"
"10481","贩卖毒品罪","6723"
"10482","贩卖毒品罪","6724"
"10483","贩卖毒品罪","6725"
"10484","容留他人吸毒罪","6726"
"10485","贩卖毒品罪","6726"
"10486","贩卖毒品罪","6726"
"10487","贩卖毒品罪","6727"
"10488","贩卖毒品罪","6728"
"10489","容留他人吸毒罪","6728"
"10490","容留他人吸毒罪","6729"
"10491","贩卖毒品罪","6730"
"10492","贩卖毒品罪","6731"
"10493","容留他人吸毒罪","6731"
"10494","贩卖毒品罪","6732"
"10495","贩卖毒品罪","6733"
"10496","容留他人吸毒罪","6733"
"10497","容留他人吸毒罪","6734"
"10498","贩卖毒品罪","6734"
"10499","贩卖毒品罪","6735"
"10500","贩卖毒品罪","6736"
"10501","贩卖毒品罪","6737"
"10502","贩卖毒品罪","6738"
"10503","贩卖毒品罪","6739"
"10504","贩卖毒品罪","6740"
"10505","贩卖毒品罪","6741"
"10506","贩卖毒品罪","6742"
"10507","贩卖毒品罪","6743"
"10508","容留他人吸毒罪","6743"
"10509","贩卖毒品罪","6744"
"10510","贩卖毒品罪","6745"
"10511","贩卖毒品罪","6746"
"10512","贩卖毒品罪","6747"
"10513","贩卖毒品罪","6748"
"10514","容留他人吸毒罪","6748"
"10515","贩卖毒品罪","6749"
"10516","容留他人吸毒罪","6749"
"10517","贩卖毒品罪","6750"
"10518","贩卖毒品罪","6751"
"10519","贩卖毒品罪","6752"
"10520","容留他人吸毒罪","6752"
"10521","贩卖毒品罪","6753"
"10522","贩卖毒品罪","6754"
"10523","贩卖毒品罪","6755"
"10524","贩卖毒品罪","6756"
"10525","贩卖毒品罪","6757"
"10526","贩卖毒品罪","6758"
"10527","容留他人吸毒","6758"
"10528","运输毒品罪","6759"
"10529","贩卖毒品罪","6760"
"10530","贩卖毒品罪","6761"
"10531","容留他人吸毒罪","6761"
"10532","贩卖毒品罪","6762"
"10533","贩卖毒品罪","6763"
"10534","贩卖毒品罪","6764"
"10535","贩卖毒品罪","6765"
"10536","贩卖毒品罪","6766"
"10537","贩卖毒品罪","6767"
"10538","贩卖毒品罪","6768"
"10539","容留他人吸毒罪","6769"
"10540","贩卖毒品罪","6770"
"10541","贩卖毒品罪","6771"
"10542","贩卖毒品罪","6772"
"10543","贩卖毒品罪","6773"
"10544","贩卖毒品罪","6774"
"10545","贩卖毒品罪","6775"
"10546","贩卖毒品罪","6776"
"10547","贩卖毒品罪","6777"
"10548","贩卖毒品罪","6778"
"10549","贩卖毒品罪","6779"
"10550","容留他人吸毒罪","6779"
"10551","贩卖毒品罪","6780"
"10552","贩卖毒品罪","6781"
"10553","容留他人吸毒罪","6781"
"10554","贩卖毒品罪","6782"
"10555","贩卖毒品罪","6783"
"10556","贩卖毒品罪","6784"
"10557","贩卖毒品罪","6785"
"10558","贩卖毒品罪","6786"
"10559","贩卖毒品罪","6787"
"10560","贩卖毒品罪","6788"
"10561","贩卖毒品罪","6789"
"10562","贩卖毒品罪","6790"
"10563","贩卖毒品罪","6791"
"10564","贩卖毒品罪","6792"
"10565","容留他人吸毒罪","6792"
"10566","贩卖毒品罪","6793"
"10567","贩卖毒品罪","6794"
"10568","贩卖毒品罪","6795"
"10569","贩卖毒品罪","6796"
"10570","贩卖毒品罪","6797"
"10571","贩卖毒品罪","6798"
"10572","容留他人吸毒罪","6798"
"10573","贩卖毒品罪","6799"
"10574","贩卖毒品罪","6800"
"10575","贩卖毒品罪","6801"
"10576","贩卖毒品罪","6802"
"10577","贩卖毒品罪","6803"
"10578","容留他人吸毒罪","6803"
"10579","贩卖毒品罪","6804"
"10580","贩卖毒品罪","6805"
"10581","容留他人吸毒罪","6805"
"10582","贩卖毒品罪","6806"
"10583","容留他人吸毒罪","6806"
"10584","贩卖毒品罪","6807"
"10585","贩卖毒品罪","6808"
"10586","贩卖毒品罪","6809"
"10587","贩卖毒品罪","6810"
"10588","贩卖毒品罪","6811"
"10589","贩卖毒品罪","6812"
"10590","贩卖毒品罪","6813"
"10591","贩卖毒品罪","6814"
"10592","贩卖毒品罪","6815"
"10593","贩卖毒品罪","6816"
"10594","贩卖毒品罪","6817"
"10595","贩卖毒品罪","6818"
"10596","贩卖毒品罪","6819"
"10597","运输毒品罪","6820"
"10598","贩卖毒品罪","6821"
"10599","贩卖毒品罪","6822"
"10600","贩卖毒品罪","6823"
"10601","贩卖毒品罪","6824"
"10602","贩卖毒品罪","6825"
"10603","贩卖毒品罪","6826"
"10604","贩卖毒品罪","6827"
"10605","贩卖毒品罪","6828"
"10606","贩卖毒品罪","6829"
"10607","贩卖毒品罪","6830"
"10608","贩卖毒品罪","6831"
"10609","贩卖毒品罪","6832"
"10610","贩卖毒品罪","6833"
"10611","容留他人吸毒罪","6833"
"10612","贩卖毒品罪","6834"
"10613","贩卖毒品罪","6835"
"10614","贩卖毒品罪","6836"
"10615","贩卖毒品罪","6837"
"10616","贩卖毒品罪","6838"
"10617","贩卖毒品罪","6839"
"10618","容留他人吸毒罪","6839"
"10619","贩卖毒品罪","6840"
"10620","盗窃罪","6840"
"10621","贩卖毒品罪","6841"
"10622","贩卖毒品罪","6842"
"10623","贩卖毒品罪","6843"
"10624","贩卖毒品罪","6844"
"10625","贩卖毒品罪","6845"
"10626","贩卖毒品罪","6846"
"10627","贩卖毒品罪","6847"
"10628","贩卖毒品罪","6848"
"10629","贩卖毒品罪","6849"
"10630","贩卖毒品罪","6850"
"10631","贩卖毒品罪","6851"
"10632","贩卖毒品罪","6852"
"10633","贩卖毒品罪","6853"
"10634","贩卖毒品罪","6854"
